"";"customer_id";"gender";"probability"
"1";49101;"f";0,5
"2";114348;"m";0,5
"3";127946;"f";0,5
"4";137367;"f";0,5
"5";174467;"f";0,5
"6";214804;"m";0,5
"7";251590;"f";0,5
"8";272657;"f";0,5
"9";378318;"m";0,5
"10";390759;"m";0,5
"11";505638;"f";0,5
"12";541452;"f";0,5
"13";546786;"f";0,5
"14";589185;"m";0,5
"15";635849;"f";0,5
"16";735380;"f";0,5
"17";788112;"f";0,5
"18";820723;"f";0,5
"19";903961;"m";0,5
"20";904539;"f";0,5
"21";941185;"f";0,5
"22";961425;"m";0,5
"23";971575;"f";0,5
"24";984061;"f";0,5
"25";1023983;"m";0,5
"26";1087616;"m";0,5
"27";1088175;"m";0,5
"28";1109129;"m";0,5
"29";1115426;"m";0,5
"30";1139307;"m";0,5
"31";1177740;"f";0,5
"32";1211346;"f";0,5
"33";1271467;"f";0,5
"34";1308272;"f";0,5
"35";1420045;"m";0,5
"36";1469056;"f";0,5
"37";1505158;"f";0,5
"38";1546466;"m";0,5
"39";1567497;"f";0,5
"40";1582976;"f";0,5
"41";1714555;"f";0,5
"42";1732939;"f";0,5
"43";1859939;"m";0,5
"44";1867994;"f";0,5
"45";1887297;"f";0,5
"46";1983589;"m";0,5
"47";2098407;"m";0,5
"48";2137396;"f";0,5
"49";2169770;"m";0,5
"50";2177252;"m";0,5
"51";2264868;"f";0,5
"52";2279881;"f";0,5
"53";2287385;"f";0,5
"54";2299975;"f";0,5
"55";2329892;"f";0,5
"56";2333956;"f";0,5
"57";2340137;"m";0,5
"58";2353453;"f";0,5
"59";2463795;"f";0,5
"60";2464493;"f";0,5
"61";2491620;"f";0,5
"62";2493740;"f";0,5
"63";2518708;"m";0,5
"64";2532836;"f";0,5
"65";2714622;"f";0,5
"66";2730512;"m";0,5
"67";2733562;"m";0,5
"68";2740197;"f";0,5
"69";2768803;"f";0,5
"70";2788526;"f";0,5
"71";2805830;"m";0,5
"72";2810793;"f";0,5
"73";2872341;"m";0,5
"74";2881605;"f";0,5
"75";2916305;"f";0,5
"76";2942372;"f";0,5
"77";2956076;"m";0,5
"78";2992486;"f";0,5
"79";3017155;"f";0,5
"80";3086538;"m";0,5
"81";3116382;"f";0,5
"82";3136315;"f";0,5
"83";3143586;"m";0,5
"84";3238487;"f";0,5
"85";3243044;"f";0,5
"86";3284483;"f";0,5
"87";3368868;"f";0,5
"88";3419519;"f";0,5
"89";3510307;"m";0,5
"90";3525018;"m";0,5
"91";3555716;"f";0,5
"92";3640332;"f";0,5
"93";3671964;"f";0,5
"94";3725814;"m";0,5
"95";3812843;"m";0,5
"96";3837731;"f";0,5
"97";3848748;"m";0,5
"98";3850938;"f";0,5
"99";3917249;"f";0,5
"100";3996099;"m";0,5
"101";4020883;"f";0,5
"102";4038688;"f";0,5
"103";4067941;"f";0,5
"104";4077514;"m";0,5
"105";4092048;"m";0,5
"106";4099715;"f";0,5
"107";4123368;"f";0,5
"108";4131179;"f";0,5
"109";4166824;"f";0,5
"110";4178902;"f";0,5
"111";4259997;"m";0,5
"112";4267952;"f";0,5
"113";4316393;"m";0,5
"114";4347691;"f";0,5
"115";4444740;"f";0,5
"116";4448989;"m";0,5
"117";4469885;"f";0,5
"118";4472392;"f";0,5
"119";4479599;"f";0,5
"120";4490121;"f";0,5
"121";4494007;"f";0,5
"122";4500911;"f";0,5
"123";4555624;"f";0,5
"124";4664861;"m";0,5
"125";4707639;"f";0,5
"126";4730615;"m";0,5
"127";4736518;"f";0,5
"128";4767937;"f";0,5
"129";4773952;"f";0,5
"130";4781345;"f";0,5
"131";4791875;"f";0,5
"132";4869616;"f";0,5
"133";4891744;"f";0,5
"134";4893652;"f";0,5
"135";4974442;"f";0,5
"136";4987087;"f";0,5
"137";5013057;"f";0,5
"138";5041537;"f";0,5
"139";5073755;"f";0,5
"140";5126711;"f";0,5
"141";5151296;"m";0,5
"142";5151866;"f";0,5
"143";5175075;"f";0,5
"144";5192089;"f";0,5
"145";5205423;"f";0,5
"146";5258986;"f";0,5
"147";5333309;"f";0,5
"148";5378522;"f";0,5
"149";5398205;"m";0,5
"150";5415486;"f";0,5
"151";5503337;"f";0,5
"152";5537969;"f";0,5
"153";5540528;"f";0,5
"154";5577042;"m";0,5
"155";5600220;"f";0,5
"156";5613605;"f";0,5
"157";5629290;"f";0,5
"158";5633658;"f";0,5
"159";5658526;"f";0,5
"160";5666378;"f";0,5
"161";5680700;"f";0,5
"162";5752067;"f";0,5
"163";5810923;"f";0,5
"164";5823643;"m";0,5
"165";5853490;"m";0,5
"166";5915744;"f";0,5
"167";5934823;"f";0,5
"168";5970496;"f";0,5
"169";5998515;"m";0,5
"170";6006279;"f";0,5
"171";6019747;"f";0,5
"172";6020257;"f";0,5
"173";6037894;"f";0,5
"174";6040512;"f";0,5
"175";6058567;"f";0,5
"176";6077466;"f";0,5
"177";6142398;"f";0,5
"178";6177329;"f";0,5
"179";6199148;"m";0,5
"180";6211153;"f";0,5
"181";6329922;"f";0,5
"182";6445707;"f";0,5
"183";6466909;"m";0,5
"184";6611252;"f";0,5
"185";6620779;"f";0,5
"186";6680148;"f";0,5
"187";6710884;"m";0,5
"188";6725289;"f";0,5
"189";6732250;"f";0,5
"190";6736634;"f";0,5
"191";6846017;"m";0,5
"192";6909825;"f";0,5
"193";6915792;"m";0,5
"194";6920906;"m";0,5
"195";7052402;"f";0,5
"196";7087306;"f";0,5
"197";7125539;"f";0,5
"198";7184486;"m";0,5
"199";7191842;"f";0,5
"200";7196194;"f";0,5
"201";7267558;"m";0,5
"202";7278214;"f";0,5
"203";7308945;"f";0,5
"204";7346475;"m";0,5
"205";7422874;"f";0,5
"206";7451151;"f";0,5
"207";7460402;"m";0,5
"208";7476065;"f";0,5
"209";7479579;"m";0,5
"210";7537770;"f";0,5
"211";7582139;"m";0,5
"212";7636954;"f";0,5
"213";7722362;"f";0,5
"214";7756714;"f";0,5
"215";7796559;"f";0,5
"216";7802557;"m";0,5
"217";7832145;"f";0,5
"218";7864129;"f";0,5
"219";7902188;"f";0,5
"220";7923928;"f";0,5
"221";7934309;"f";0,5
"222";7969887;"m";0,5
"223";7999570;"f";0,5
"224";8082257;"m";0,5
"225";8115829;"m";0,5
"226";8132820;"f";0,5
"227";8133598;"f";0,5
"228";8180048;"f";0,5
"229";8232645;"f";0,5
"230";8241012;"f";0,5
"231";8248366;"m";0,5
"232";8250969;"m";0,5
"233";8334161;"f";0,5
"234";8336166;"m";0,5
"235";8343937;"m";0,5
"236";8365381;"m";0,5
"237";8367960;"f";0,5
"238";8386564;"f";0,5
"239";8386842;"f";0,5
"240";8399326;"m";0,5
"241";8416735;"m";0,5
"242";8425008;"m";0,5
"243";8458350;"f";0,5
"244";8462275;"f";0,5
"245";8470300;"f";0,5
"246";8558731;"m";0,5
"247";8573680;"f";0,5
"248";8578679;"f";0,5
"249";8586902;"f";0,5
"250";8645348;"m";0,5
"251";8664193;"f";0,5
"252";8683178;"f";0,5
"253";8692746;"m";0,5
"254";8779120;"m";0,5
"255";8788091;"f";0,5
"256";8788444;"f";0,5
"257";8790528;"m";0,5
"258";8860625;"f";0,5
"259";8928713;"m";0,5
"260";8956496;"f";0,5
"261";8962721;"f";0,5
"262";8986053;"f";0,5
"263";8989665;"f";0,5
"264";9032723;"f";0,5
"265";9036453;"m";0,5
"266";9064527;"f";0,5
"267";9076075;"f";0,5
"268";9112223;"f";0,5
"269";9185090;"m";0,5
"270";9210299;"f";0,5
"271";9279596;"f";0,5
"272";9279923;"f";0,5
"273";9282182;"f";0,5
"274";9314238;"f";0,5
"275";9333277;"f";0,5
"276";9337468;"m";0,5
"277";9353057;"f";0,5
"278";9391844;"f";0,5
"279";9457606;"m";0,5
"280";9464652;"f";0,5
"281";9470892;"f";0,5
"282";9515541;"m";0,5
"283";9518822;"f";0,5
"284";9546077;"f";0,5
"285";9568127;"f";0,5
"286";9607614;"f";0,5
"287";9610338;"f";0,5
"288";9628464;"f";0,5
"289";9710131;"f";0,5
"290";9811952;"m";0,5
"291";9893137;"f";0,5
"292";9898769;"m";0,5
"293";9899803;"f";0,5
"294";9922882;"f";0,5
"295";9963632;"f";0,5
"296";9967644;"f";0,5
"297";9987401;"f";0,5
"298";10045498;"f";0,5
"299";10058557;"m";0,5
"300";10176170;"f";0,5
"301";10259614;"f";0,5
"302";10290561;"m";0,5
"303";10309206;"m";0,5
"304";10328342;"f";0,5
"305";10385103;"m";0,5
"306";10469400;"m";0,5
"307";10482140;"f";0,5
"308";10506836;"f";0,5
"309";10589831;"m";0,5
"310";10600843;"f";0,5
"311";10656890;"f";0,5
"312";10666447;"f";0,5
"313";10711025;"f";0,5
"314";10748004;"f";0,5
"315";10763919;"f";0,5
"316";10802212;"f";0,5
"317";10802856;"f";0,5
"318";10805399;"m";0,5
"319";10845911;"f";0,5
"320";10867310;"f";0,5
"321";10875817;"m";0,5
"322";10886531;"f";0,5
"323";10954763;"f";0,5
"324";11065148;"f";0,5
"325";11142729;"m";0,5
"326";11148023;"m";0,5
"327";11173473;"f";0,5
"328";11228581;"f";0,5
"329";11292128;"m";0,5
"330";11325341;"f";0,5
"331";11330604;"f";0,5
"332";11332993;"m";0,5
"333";11337455;"m";0,5
"334";11370413;"f";0,5
"335";11397076;"m";0,5
"336";11421609;"f";0,5
"337";11425537;"f";0,5
"338";11463393;"f";0,5
"339";11468930;"f";0,5
"340";11474181;"f";0,5
"341";11511328;"f";0,5
"342";11532626;"f";0,5
"343";11576272;"f";0,5
"344";11621687;"f";0,5
"345";11624643;"m";0,5
"346";11631584;"m";0,5
"347";11739616;"f";0,5
"348";11763909;"f";0,5
"349";11819055;"f";0,5
"350";11822388;"m";0,5
"351";11865703;"m";0,5
"352";11898035;"m";0,5
"353";11947576;"f";0,5
"354";11963965;"f";0,5
"355";12010535;"m";0,5
"356";12036459;"f";0,5
"357";12051455;"f";0,5
"358";12059762;"f";0,5
"359";12070067;"f";0,5
"360";12075801;"m";0,5
"361";12120260;"f";0,5
"362";12149925;"f";0,5
"363";12175094;"f";0,5
"364";12178012;"m";0,5
"365";12234095;"m";0,5
"366";12284486;"m";0,5
"367";12403092;"f";0,5
"368";12494146;"f";0,5
"369";12542657;"m";0,5
"370";12548009;"f";0,5
"371";12615543;"f";0,5
"372";12617567;"f";0,5
"373";12749531;"f";0,5
"374";12781840;"f";0,5
"375";12811046;"f";0,5
"376";12826852;"m";0,5
"377";12829225;"m";0,5
"378";12878356;"f";0,5
"379";12889098;"f";0,5
"380";12931945;"f";0,5
"381";12942642;"m";0,5
"382";13028904;"m";0,5
"383";13034121;"f";0,5
"384";13210353;"f";0,5
"385";13302287;"f";0,5
"386";13360298;"f";0,5
"387";13379653;"m";0,5
"388";13388782;"m";0,5
"389";13398107;"f";0,5
"390";13404665;"m";0,5
"391";13447213;"m";0,5
"392";13451465;"f";0,5
"393";13466200;"m";0,5
"394";13475789;"m";0,5
"395";13498047;"m";0,5
"396";13645274;"f";0,5
"397";13670767;"f";0,5
"398";13682748;"f";0,5
"399";13746011;"f";0,5
"400";13756442;"f";0,5
"401";13772117;"m";0,5
"402";13842267;"f";0,5
"403";13847189;"f";0,5
"404";13902815;"f";0,5
"405";14017807;"m";0,5
"406";14092000;"f";0,5
"407";14106416;"m";0,5
"408";14230443;"f";0,5
"409";14252692;"f";0,5
"410";14275743;"f";0,5
"411";14300407;"f";0,5
"412";14332733;"f";0,5
"413";14454241;"f";0,5
"414";14556762;"f";0,5
"415";14587736;"m";0,5
"416";14641163;"f";0,5
"417";14647979;"m";0,5
"418";14652271;"m";0,5
"419";14690847;"f";0,5
"420";14709673;"f";0,5
"421";14713603;"m";0,5
"422";14737664;"f";0,5
"423";14747265;"f";0,5
"424";14898358;"f";0,5
"425";14905888;"f";0,5
"426";15040528;"m";0,5
"427";15042079;"m";0,5
"428";15042083;"m";0,5
"429";15047873;"f";0,5
"430";15112348;"m";0,5
"431";15115077;"f";0,5
"432";15196059;"f";0,5
"433";15205815;"m";0,5
"434";15223800;"f";0,5
"435";15267436;"f";0,5
"436";15321146;"f";0,5
"437";15377876;"f";0,5
"438";15428955;"f";0,5
"439";15435442;"f";0,5
"440";15461417;"f";0,5
"441";15462118;"f";0,5
"442";15471394;"f";0,5
"443";15492735;"f";0,5
"444";15511971;"f";0,5
"445";15528235;"f";0,5
"446";15588952;"f";0,5
"447";15615770;"f";0,5
"448";15659879;"f";0,5
"449";15685502;"f";0,5
"450";15737383;"m";0,5
"451";15742901;"f";0,5
"452";15752946;"m";0,5
"453";15786927;"f";0,5
"454";15791788;"f";0,5
"455";15904515;"m";0,5
"456";15913937;"f";0,5
"457";15923301;"f";0,5
"458";15944492;"f";0,5
"459";15993282;"m";0,5
"460";16044366;"f";0,5
"461";16065892;"f";0,5
"462";16083891;"f";0,5
"463";16102335;"m";0,5
"464";16115351;"f";0,5
"465";16181139;"f";0,5
"466";16197496;"m";0,5
"467";16205321;"f";0,5
"468";16267765;"m";0,5
"469";16309666;"f";0,5
"470";16321752;"m";0,5
"471";16330781;"f";0,5
"472";16331369;"m";0,5
"473";16378266;"f";0,5
"474";16412935;"f";0,5
"475";16420571;"f";0,5
"476";16448797;"f";0,5
"477";16522855;"m";0,5
"478";16575331;"f";0,5
"479";16617058;"m";0,5
"480";16671175;"f";0,5
"481";16692763;"m";0,5
"482";16711781;"m";0,5
"483";16731650;"f";0,5
"484";16749393;"m";0,5
"485";16761497;"m";0,5
"486";16767160;"m";0,5
"487";16779630;"m";0,5
"488";16795304;"m";0,5
"489";16806190;"f";0,5
"490";16848662;"f";0,5
"491";16867721;"f";0,5
"492";16903491;"f";0,5
"493";16905276;"m";0,5
"494";16917381;"f";0,5
"495";16923362;"f";0,5
"496";16989493;"f";0,5
"497";16989800;"f";0,5
"498";17027775;"f";0,5
"499";17031888;"f";0,5
"500";17039869;"f";0,5
"501";17044298;"f";0,5
"502";17075581;"m";0,5
"503";17106100;"m";0,5
"504";17287341;"f";0,5
"505";17299088;"f";0,5
"506";17304472;"m";0,5
"507";17326412;"f";0,5
"508";17331961;"f";0,5
"509";17361562;"f";0,5
"510";17384779;"m";0,5
"511";17398749;"f";0,5
"512";17433826;"m";0,5
"513";17443767;"f";0,5
"514";17471274;"f";0,5
"515";17487230;"f";0,5
"516";17537261;"f";0,5
"517";17596405;"f";0,5
"518";17695034;"f";0,5
"519";17770789;"f";0,5
"520";17880287;"f";0,5
"521";17913186;"f";0,5
"522";17929375;"f";0,5
"523";18019658;"f";0,5
"524";18040048;"m";0,5
"525";18087645;"f";0,5
"526";18152888;"m";0,5
"527";18164843;"f";0,5
"528";18201273;"f";0,5
"529";18260853;"f";0,5
"530";18265734;"f";0,5
"531";18429765;"f";0,5
"532";18451037;"f";0,5
"533";18474311;"m";0,5
"534";18501672;"f";0,5
"535";18506768;"m";0,5
"536";18586518;"f";0,5
"537";18597595;"f";0,5
"538";18630831;"m";0,5
"539";18653633;"m";0,5
"540";18686042;"m";0,5
"541";18727270;"f";0,5
"542";18789683;"f";0,5
"543";18824201;"f";0,5
"544";18836944;"f";0,5
"545";18894701;"m";0,5
"546";18903746;"f";0,5
"547";18915069;"m";0,5
"548";18932060;"m";0,5
"549";18938727;"f";0,5
"550";18967006;"f";0,5
"551";19140098;"m";0,5
"552";19153043;"m";0,5
"553";19195790;"m";0,5
"554";19196586;"f";0,5
"555";19205707;"f";0,5
"556";19217936;"f";0,5
"557";19270512;"f";0,5
"558";19282591;"f";0,5
"559";19283529;"m";0,5
"560";19295298;"f";0,5
"561";19368278;"m";0,5
"562";19380743;"m";0,5
"563";19411412;"f";0,5
"564";19423861;"f";0,5
"565";19472226;"f";0,5
"566";19501407;"f";0,5
"567";19522641;"f";0,5
"568";19526545;"m";0,5
"569";19562337;"f";0,5
"570";19575612;"f";0,5
"571";19601368;"f";0,5
"572";19659253;"f";0,5
"573";19664544;"f";0,5
"574";19690353;"m";0,5
"575";19722089;"m";0,5
"576";19728628;"f";0,5
"577";19742951;"m";0,5
"578";19755340;"m";0,5
"579";19776711;"m";0,5
"580";19781292;"f";0,5
"581";19782421;"f";0,5
"582";19786837;"m";0,5
"583";19816808;"f";0,5
"584";19887045;"f";0,5
"585";19898375;"f";0,5
"586";19908111;"f";0,5
"587";19986561;"m";0,5
"588";20011606;"f";0,5
"589";20060413;"f";0,5
"590";20085540;"m";0,5
"591";20093543;"f";0,5
"592";20134416;"m";0,5
"593";20177708;"f";0,5
"594";20178101;"f";0,5
"595";20180564;"f";0,5
"596";20181536;"f";0,5
"597";20219112;"f";0,5
"598";20242292;"m";0,5
"599";20306938;"f";0,5
"600";20475991;"f";0,5
"601";20486011;"m";0,5
"602";20490011;"f";0,5
"603";20494087;"f";0,5
"604";20607335;"f";0,5
"605";20634247;"f";0,5
"606";20644899;"f";0,5
"607";20667233;"f";0,5
"608";20674086;"f";0,5
"609";20678392;"f";0,5
"610";20714301;"f";0,5
"611";20743864;"f";0,5
"612";20757435;"f";0,5
"613";20759806;"f";0,5
"614";20982341;"m";0,5
"615";21006134;"f";0,5
"616";21043900;"f";0,5
"617";21084731;"m";0,5
"618";21106621;"m";0,5
"619";21166839;"m";0,5
"620";21222306;"f";0,5
"621";21230067;"f";0,5
"622";21246374;"f";0,5
"623";21257861;"f";0,5
"624";21264734;"f";0,5
"625";21298518;"f";0,5
"626";21323039;"m";0,5
"627";21332185;"f";0,5
"628";21343114;"f";0,5
"629";21383331;"m";0,5
"630";21417703;"f";0,5
"631";21453519;"f";0,5
"632";21461075;"f";0,5
"633";21494481;"m";0,5
"634";21548262;"f";0,5
"635";21570595;"f";0,5
"636";21588377;"f";0,5
"637";21589939;"m";0,5
"638";21642088;"m";0,5
"639";21654299;"m";0,5
"640";21693097;"m";0,5
"641";21697008;"f";0,5
"642";21702278;"m";0,5
"643";21711599;"f";0,5
"644";21714665;"f";0,5
"645";21734206;"f";0,5
"646";21775525;"f";0,5
"647";21791384;"f";0,5
"648";21794621;"m";0,5
"649";21840407;"f";0,5
"650";21841275;"f";0,5
"651";21925358;"f";0,5
"652";21957836;"f";0,5
"653";21996327;"f";0,5
"654";22027912;"f";0,5
"655";22127678;"f";0,5
"656";22144602;"f";0,5
"657";22216290;"f";0,5
"658";22222581;"f";0,5
"659";22231387;"f";0,5
"660";22296220;"f";0,5
"661";22332292;"f";0,5
"662";22347463;"m";0,5
"663";22358381;"f";0,5
"664";22378093;"f";0,5
"665";22380244;"f";0,5
"666";22393664;"f";0,5
"667";22443107;"f";0,5
"668";22444378;"f";0,5
"669";22471512;"m";0,5
"670";22564251;"f";0,5
"671";22624176;"m";0,5
"672";22638589;"m";0,5
"673";22714692;"m";0,5
"674";22716068;"f";0,5
"675";22755426;"m";0,5
"676";22774413;"m";0,5
"677";22789341;"f";0,5
"678";22802134;"m";0,5
"679";22902140;"f";0,5
"680";22957454;"f";0,5
"681";22968551;"f";0,5
"682";23070515;"m";0,5
"683";23089574;"f";0,5
"684";23100536;"f";0,5
"685";23111193;"f";0,5
"686";23119288;"m";0,5
"687";23168102;"f";0,5
"688";23200885;"m";0,5
"689";23249307;"f";0,5
"690";23265782;"f";0,5
"691";23310745;"m";0,5
"692";23481237;"f";0,5
"693";23492963;"f";0,5
"694";23495851;"f";0,5
"695";23502523;"f";0,5
"696";23560101;"m";0,5
"697";23609687;"m";0,5
"698";23687465;"f";0,5
"699";23769674;"f";0,5
"700";23867275;"m";0,5
"701";23904796;"f";0,5
"702";23955932;"f";0,5
"703";23998119;"f";0,5
"704";24021156;"m";0,5
"705";24040537;"f";0,5
"706";24045274;"m";0,5
"707";24052054;"f";0,5
"708";24091159;"m";0,5
"709";24129110;"f";0,5
"710";24135148;"m";0,5
"711";24150050;"f";0,5
"712";24178563;"m";0,5
"713";24187802;"f";0,5
"714";24197647;"f";0,5
"715";24262944;"f";0,5
"716";24308330;"f";0,5
"717";24321064;"m";0,5
"718";24331428;"f";0,5
"719";24342504;"m";0,5
"720";24351865;"f";0,5
"721";24372365;"f";0,5
"722";24459128;"f";0,5
"723";24474724;"m";0,5
"724";24494792;"f";0,5
"725";24513041;"f";0,5
"726";24532978;"m";0,5
"727";24551767;"f";0,5
"728";24562550;"f";0,5
"729";24590834;"f";0,5
"730";24616822;"f";0,5
"731";24634142;"f";0,5
"732";24654774;"m";0,5
"733";24686795;"f";0,5
"734";24723991;"f";0,5
"735";24774702;"f";0,5
"736";24785146;"f";0,5
"737";24799640;"f";0,5
"738";24813332;"f";0,5
"739";24862707;"f";0,5
"740";24865095;"m";0,5
"741";24871911;"m";0,5
"742";24933807;"f";0,5
"743";24938289;"m";0,5
"744";24943882;"f";0,5
"745";24952158;"f";0,5
"746";25002845;"f";0,5
"747";25021061;"f";0,5
"748";25070887;"m";0,5
"749";25095126;"f";0,5
"750";25191119;"m";0,5
"751";25200502;"f";0,5
"752";25207125;"m";0,5
"753";25230715;"f";0,5
"754";25340658;"f";0,5
"755";25435988;"m";0,5
"756";25464048;"f";0,5
"757";25484356;"f";0,5
"758";25485208;"m";0,5
"759";25501376;"m";0,5
"760";25581270;"f";0,5
"761";25601453;"f";0,5
"762";25603640;"f";0,5
"763";25605244;"m";0,5
"764";25634315;"f";0,5
"765";25667968;"f";0,5
"766";25670842;"f";0,5
"767";25674364;"m";0,5
"768";25699929;"m";0,5
"769";25758474;"f";0,5
"770";25768503;"f";0,5
"771";25779030;"f";0,5
"772";25824736;"m";0,5
"773";25852902;"m";0,5
"774";25868288;"f";0,5
"775";25873481;"f";0,5
"776";25876033;"f";0,5
"777";25882049;"m";0,5
"778";26059244;"f";0,5
"779";26063637;"f";0,5
"780";26127374;"m";0,5
"781";26165292;"f";0,5
"782";26175665;"f";0,5
"783";26288262;"f";0,5
"784";26362332;"f";0,5
"785";26416279;"f";0,5
"786";26467726;"f";0,5
"787";26503902;"f";0,5
"788";26519326;"f";0,5
"789";26524473;"f";0,5
"790";26555486;"f";0,5
"791";26557373;"m";0,5
"792";26577074;"f";0,5
"793";26589647;"f";0,5
"794";26618467;"f";0,5
"795";26625334;"m";0,5
"796";26648481;"f";0,5
"797";26675767;"f";0,5
"798";26759878;"f";0,5
"799";26899287;"f";0,5
"800";27005758;"m";0,5
"801";27021493;"f";0,5
"802";27058219;"m";0,5
"803";27080654;"f";0,5
"804";27082609;"f";0,5
"805";27145285;"m";0,5
"806";27170316;"m";0,5
"807";27172384;"f";0,5
"808";27177913;"m";0,5
"809";27252617;"m";0,5
"810";27284097;"f";0,5
"811";27296197;"f";0,5
"812";27391749;"f";0,5
"813";27398217;"m";0,5
"814";27475907;"f";0,5
"815";27542007;"f";0,5
"816";27548281;"m";0,5
"817";27583358;"m";0,5
"818";27591424;"f";0,5
"819";27673939;"f";0,5
"820";27718329;"f";0,5
"821";27825516;"f";0,5
"822";27887815;"m";0,5
"823";27913607;"f";0,5
"824";27923912;"f";0,5
"825";27959814;"f";0,5
"826";27969702;"f";0,5
"827";27995307;"f";0,5
"828";28053875;"m";0,5
"829";28103058;"m";0,5
"830";28177141;"m";0,5
"831";28177755;"f";0,5
"832";28177840;"f";0,5
"833";28286397;"f";0,5
"834";28289457;"m";0,5
"835";28298874;"f";0,5
"836";28320690;"f";0,5
"837";28380738;"f";0,5
"838";28386083;"f";0,5
"839";28411811;"m";0,5
"840";28426327;"m";0,5
"841";28454653;"m";0,5
"842";28464655;"f";0,5
"843";28495076;"f";0,5
"844";28537004;"m";0,5
"845";28547966;"f";0,5
"846";28548186;"m";0,5
"847";28566958;"f";0,5
"848";28569111;"f";0,5
"849";28658492;"f";0,5
"850";28676160;"m";0,5
"851";28681720;"m";0,5
"852";28693893;"m";0,5
"853";28721598;"f";0,5
"854";28759413;"f";0,5
"855";28776112;"m";0,5
"856";28824618;"f";0,5
"857";28853181;"f";0,5
"858";28894117;"m";0,5
"859";28993835;"f";0,5
"860";29046784;"f";0,5
"861";29076626;"f";0,5
"862";29122508;"m";0,5
"863";29153041;"f";0,5
"864";29164757;"m";0,5
"865";29184203;"f";0,5
"866";29242919;"m";0,5
"867";29293837;"f";0,5
"868";29308982;"f";0,5
"869";29319224;"f";0,5
"870";29328681;"f";0,5
"871";29364402;"m";0,5
"872";29387755;"f";0,5
"873";29389212;"f";0,5
"874";29439901;"m";0,5
"875";29476508;"m";0,5
"876";29495596;"m";0,5
"877";29511155;"f";0,5
"878";29560954;"f";0,5
"879";29590075;"m";0,5
"880";29640440;"m";0,5
"881";29643080;"f";0,5
"882";29678690;"m";0,5
"883";29680291;"f";0,5
"884";29697477;"f";0,5
"885";29707168;"f";0,5
"886";29718234;"m";0,5
"887";29730519;"f";0,5
"888";29807848;"m";0,5
"889";29843442;"f";0,5
"890";29874386;"f";0,5
"891";29895357;"f";0,5
"892";29913705;"m";0,5
"893";29979034;"m";0,5
"894";29980579;"f";0,5
"895";30066387;"f";0,5
"896";30107575;"f";0,5
"897";30118153;"f";0,5
"898";30118259;"f";0,5
"899";30134181;"f";0,5
"900";30134702;"f";0,5
"901";30148004;"f";0,5
"902";30151817;"f";0,5
"903";30165349;"m";0,5
"904";30190284;"f";0,5
"905";30219206;"m";0,5
"906";30275100;"f";0,5
"907";30333151;"f";0,5
"908";30337632;"f";0,5
"909";30386561;"m";0,5
"910";30523272;"f";0,5
"911";30531223;"f";0,5
"912";30552147;"f";0,5
"913";30564909;"f";0,5
"914";30583637;"m";0,5
"915";30629722;"m";0,5
"916";30702646;"m";0,5
"917";30723799;"f";0,5
"918";30912810;"f";0,5
"919";30915783;"f";0,5
"920";30937173;"f";0,5
"921";30978132;"m";0,5
"922";30979258;"f";0,5
"923";31000653;"f";0,5
"924";31020311;"f";0,5
"925";31025203;"f";0,5
"926";31144163;"f";0,5
"927";31154341;"f";0,5
"928";31155703;"f";0,5
"929";31190735;"f";0,5
"930";31195009;"f";0,5
"931";31246163;"f";0,5
"932";31289601;"m";0,5
"933";31303774;"f";0,5
"934";31342965;"f";0,5
"935";31346629;"f";0,5
"936";31347061;"f";0,5
"937";31405907;"f";0,5
"938";31420997;"f";0,5
"939";31448278;"m";0,5
"940";31489742;"m";0,5
"941";31497342;"f";0,5
"942";31502987;"f";0,5
"943";31510849;"m";0,5
"944";31513807;"m";0,5
"945";31522603;"f";0,5
"946";31526683;"f";0,5
"947";31588161;"m";0,5
"948";31593977;"m";0,5
"949";31686248;"f";0,5
"950";31691920;"m";0,5
"951";31692873;"m";0,5
"952";31725904;"f";0,5
"953";31733299;"f";0,5
"954";31734301;"m";0,5
"955";31828289;"f";0,5
"956";31865392;"m";0,5
"957";31883399;"f";0,5
"958";31897225;"f";0,5
"959";31914539;"f";0,5
"960";31919316;"f";0,5
"961";31926450;"f";0,5
"962";31934035;"f";0,5
"963";31945620;"f";0,5
"964";31950329;"f";0,5
"965";31950858;"f";0,5
"966";31958154;"f";0,5
"967";32011956;"f";0,5
"968";32015063;"m";0,5
"969";32039101;"f";0,5
"970";32071141;"f";0,5
"971";32124771;"f";0,5
"972";32131601;"m";0,5
"973";32137332;"f";0,5
"974";32205266;"m";0,5
"975";32222099;"f";0,5
"976";32235956;"f";0,5
"977";32276354;"f";0,5
"978";32324963;"m";0,5
"979";32329847;"f";0,5
"980";32367036;"m";0,5
"981";32395249;"f";0,5
"982";32428366;"f";0,5
"983";32467842;"m";0,5
"984";32489134;"f";0,5
"985";32497523;"f";0,5
"986";32564509;"m";0,5
"987";32569061;"m";0,5
"988";32580378;"f";0,5
"989";32589358;"f";0,5
"990";32683386;"f";0,5
"991";32694726;"f";0,5
"992";32721794;"m";0,5
"993";32744799;"f";0,5
"994";32780077;"m";0,5
"995";32805024;"m";0,5
"996";32810102;"f";0,5
"997";32810617;"m";0,5
"998";32861121;"f";0,5
"999";32868352;"f";0,5
"1000";32872364;"m";0,5
"1001";32881291;"f";0,5
"1002";33016455;"m";0,5
"1003";33036113;"m";0,5
"1004";33073311;"m";0,5
"1005";33176512;"f";0,5
"1006";33249832;"f";0,5
"1007";33273458;"f";0,5
"1008";33383476;"f";0,5
"1009";33387749;"f";0,5
"1010";33423516;"f";0,5
"1011";33556885;"f";0,5
"1012";33559804;"f";0,5
"1013";33587322;"m";0,5
"1014";33644001;"m";0,5
"1015";33706195;"f";0,5
"1016";33711854;"f";0,5
"1017";33778608;"f";0,5
"1018";33824604;"f";0,5
"1019";33869172;"f";0,5
"1020";33892530;"f";0,5
"1021";33898329;"f";0,5
"1022";33936617;"m";0,5
"1023";33962160;"f";0,5
"1024";34055503;"m";0,5
"1025";34124149;"f";0,5
"1026";34132376;"m";0,5
"1027";34194330;"f";0,5
"1028";34204036;"f";0,5
"1029";34213354;"f";0,5
"1030";34226912;"f";0,5
"1031";34308656;"m";0,5
"1032";34319306;"f";0,5
"1033";34413154;"f";0,5
"1034";34471023;"f";0,5
"1035";34525614;"f";0,5
"1036";34584581;"f";0,5
"1037";34661969;"m";0,5
"1038";34746864;"m";0,5
"1039";34747280;"m";0,5
"1040";34747815;"m";0,5
"1041";34767686;"m";0,5
"1042";34789111;"m";0,5
"1043";34791180;"f";0,5
"1044";34827776;"f";0,5
"1045";34851657;"m";0,5
"1046";34857695;"f";0,5
"1047";34897653;"f";0,5
"1048";34918387;"f";0,5
"1049";34921849;"f";0,5
"1050";34931235;"f";0,5
"1051";34954119;"m";0,5
"1052";34977500;"f";0,5
"1053";35041097;"f";0,5
"1054";35071735;"f";0,5
"1055";35151009;"m";0,5
"1056";35184980;"f";0,5
"1057";35200352;"m";0,5
"1058";35216221;"f";0,5
"1059";35234377;"m";0,5
"1060";35274106;"f";0,5
"1061";35286063;"f";0,5
"1062";35320267;"f";0,5
"1063";35374286;"f";0,5
"1064";35424326;"f";0,5
"1065";35444959;"f";0,5
"1066";35457095;"m";0,5
"1067";35476711;"m";0,5
"1068";35513928;"f";0,5
"1069";35536833;"f";0,5
"1070";35568001;"f";0,5
"1071";35639928;"m";0,5
"1072";35652444;"f";0,5
"1073";35715495;"m";0,5
"1074";35726426;"f";0,5
"1075";35759626;"f";0,5
"1076";35760376;"f";0,5
"1077";35765854;"f";0,5
"1078";35771719;"f";0,5
"1079";35796889;"m";0,5
"1080";35896357;"f";0,5
"1081";35905243;"f";0,5
"1082";36028228;"f";0,5
"1083";36084703;"f";0,5
"1084";36088664;"f";0,5
"1085";36120546;"f";0,5
"1086";36201007;"m";0,5
"1087";36201953;"f";0,5
"1088";36209184;"f";0,5
"1089";36212426;"f";0,5
"1090";36247248;"f";0,5
"1091";36304348;"f";0,5
"1092";36318766;"m";0,5
"1093";36326817;"m";0,5
"1094";36382716;"f";0,5
"1095";36422352;"f";0,5
"1096";36483672;"f";0,5
"1097";36576206;"f";0,5
"1098";36583334;"f";0,5
"1099";36631696;"f";0,5
"1100";36667035;"m";0,5
"1101";36734991;"m";0,5
"1102";36740308;"f";0,5
"1103";36772124;"m";0,5
"1104";36781400;"f";0,5
"1105";36798944;"f";0,5
"1106";36839127;"f";0,5
"1107";36840873;"f";0,5
"1108";36850034;"f";0,5
"1109";36878451;"f";0,5
"1110";36940981;"m";0,5
"1111";36989656;"f";0,5
"1112";37006093;"f";0,5
"1113";37025153;"m";0,5
"1114";37050951;"f";0,5
"1115";37127213;"m";0,5
"1116";37146759;"f";0,5
"1117";37210858;"m";0,5
"1118";37362216;"f";0,5
"1119";37397665;"f";0,5
"1120";37425501;"f";0,5
"1121";37430257;"f";0,5
"1122";37492547;"f";0,5
"1123";37499325;"m";0,5
"1124";37510454;"f";0,5
"1125";37530590;"f";0,5
"1126";37591390;"f";0,5
"1127";37649427;"f";0,5
"1128";37773393;"f";0,5
"1129";37884416;"f";0,5
"1130";37893432;"m";0,5
"1131";37922169;"f";0,5
"1132";37998052;"f";0,5
"1133";38016815;"m";0,5
"1134";38019268;"m";0,5
"1135";38051143;"m";0,5
"1136";38108266;"m";0,5
"1137";38138134;"f";0,5
"1138";38143001;"f";0,5
"1139";38178693;"f";0,5
"1140";38180274;"f";0,5
"1141";38220721;"f";0,5
"1142";38228045;"f";0,5
"1143";38268015;"f";0,5
"1144";38286663;"f";0,5
"1145";38337584;"f";0,5
"1146";38355391;"f";0,5
"1147";38504895;"f";0,5
"1148";38514044;"m";0,5
"1149";38519546;"m";0,5
"1150";38584256;"f";0,5
"1151";38591786;"f";0,5
"1152";38596162;"m";0,5
"1153";38617012;"f";0,5
"1154";38648262;"m";0,5
"1155";38671122;"f";0,5
"1156";38677204;"f";0,5
"1157";38688843;"f";0,5
"1158";38699841;"f";0,5
"1159";38707022;"f";0,5
"1160";38726219;"m";0,5
"1161";38783952;"f";0,5
"1162";38841087;"f";0,5
"1163";38873036;"f";0,5
"1164";38877775;"f";0,5
"1165";38890720;"m";0,5
"1166";38964548;"m";0,5
"1167";38994119;"f";0,5
"1168";39002418;"m";0,5
"1169";39010619;"f";0,5
"1170";39020827;"m";0,5
"1171";39050355;"f";0,5
"1172";39077584;"m";0,5
"1173";39078187;"f";0,5
"1174";39095291;"f";0,5
"1175";39097085;"m";0,5
"1176";39133728;"f";0,5
"1177";39248782;"f";0,5
"1178";39291271;"m";0,5
"1179";39344042;"m";0,5
"1180";39352266;"f";0,5
"1181";39408065;"f";0,5
"1182";39452396;"f";0,5
"1183";39460612;"m";0,5
"1184";39488811;"f";0,5
"1185";39525371;"m";0,5
"1186";39582005;"f";0,5
"1187";39584223;"f";0,5
"1188";39590939;"f";0,5
"1189";39626517;"m";0,5
"1190";39725691;"m";0,5
"1191";39729757;"m";0,5
"1192";39761389;"f";0,5
"1193";39796731;"f";0,5
"1194";39843429;"f";0,5
"1195";39855298;"m";0,5
"1196";39863574;"f";0,5
"1197";39867108;"f";0,5
"1198";39868111;"m";0,5
"1199";39873090;"m";0,5
"1200";39937696;"m";0,5
"1201";39950974;"m";0,5
"1202";40000227;"f";0,5
"1203";40002529;"m";0,5
"1204";40032313;"f";0,5
"1205";40040637;"m";0,5
"1206";40077085;"f";0,5
"1207";40080020;"f";0,5
"1208";40090913;"f";0,5
"1209";40131993;"f";0,5
"1210";40173233;"f";0,5
"1211";40197046;"m";0,5
"1212";40208033;"m";0,5
"1213";40333622;"f";0,5
"1214";40389341;"m";0,5
"1215";40506156;"f";0,5
"1216";40516517;"f";0,5
"1217";40553692;"f";0,5
"1218";40617181;"m";0,5
"1219";40675517;"f";0,5
"1220";40691305;"f";0,5
"1221";40697441;"f";0,5
"1222";40738451;"f";0,5
"1223";40782485;"f";0,5
"1224";40794899;"f";0,5
"1225";40798321;"f";0,5
"1226";40826393;"f";0,5
"1227";40842773;"f";0,5
"1228";40845931;"f";0,5
"1229";40851388;"f";0,5
"1230";40868825;"f";0,5
"1231";40890730;"f";0,5
"1232";40896482;"m";0,5
"1233";40912127;"f";0,5
"1234";40957411;"m";0,5
"1235";40977043;"m";0,5
"1236";40985902;"m";0,5
"1237";41035404;"m";0,5
"1238";41063716;"f";0,5
"1239";41206678;"m";0,5
"1240";41250316;"f";0,5
"1241";41253082;"f";0,5
"1242";41268389;"f";0,5
"1243";41278606;"f";0,5
"1244";41317327;"f";0,5
"1245";41354564;"f";0,5
"1246";41402784;"f";0,5
"1247";41432519;"f";0,5
"1248";41508616;"m";0,5
"1249";41519597;"m";0,5
"1250";41553813;"f";0,5
"1251";41570755;"f";0,5
"1252";41586700;"f";0,5
"1253";41589258;"f";0,5
"1254";41593548;"f";0,5
"1255";41671408;"f";0,5
"1256";41676509;"f";0,5
"1257";41677616;"f";0,5
"1258";41733016;"f";0,5
"1259";41740108;"f";0,5
"1260";41749399;"m";0,5
"1261";41828443;"f";0,5
"1262";41866345;"m";0,5
"1263";41914154;"f";0,5
"1264";41924835;"m";0,5
"1265";41930138;"m";0,5
"1266";41975596;"f";0,5
"1267";41992133;"f";0,5
"1268";42052021;"f";0,5
"1269";42087923;"f";0,5
"1270";42095372;"m";0,5
"1271";42110434;"f";0,5
"1272";42123803;"m";0,5
"1273";42178458;"m";0,5
"1274";42183126;"f";0,5
"1275";42239766;"f";0,5
"1276";42253470;"f";0,5
"1277";42270256;"f";0,5
"1278";42349925;"m";0,5
"1279";42353680;"f";0,5
"1280";42363434;"f";0,5
"1281";42391654;"f";0,5
"1282";42418855;"f";0,5
"1283";42499362;"f";0,5
"1284";42592016;"f";0,5
"1285";42706169;"m";0,5
"1286";42754291;"m";0,5
"1287";42800618;"f";0,5
"1288";42809309;"f";0,5
"1289";42814673;"f";0,5
"1290";42863380;"m";0,5
"1291";42928556;"f";0,5
"1292";42943868;"f";0,5
"1293";42944405;"m";0,5
"1294";42971992;"f";0,5
"1295";42994382;"m";0,5
"1296";43006473;"f";0,5
"1297";43010105;"f";0,5
"1298";43021363;"f";0,5
"1299";43034825;"m";0,5
"1300";43038038;"f";0,5
"1301";43085507;"m";0,5
"1302";43150346;"f";0,5
"1303";43195703;"f";0,5
"1304";43206568;"f";0,5
"1305";43221809;"f";0,5
"1306";43300261;"f";0,5
"1307";43308339;"f";0,5
"1308";43318158;"f";0,5
"1309";43402381;"f";0,5
"1310";43471077;"f";0,5
"1311";43485617;"f";0,5
"1312";43494624;"f";0,5
"1313";43497279;"f";0,5
"1314";43520938;"f";0,5
"1315";43542559;"f";0,5
"1316";43550880;"m";0,5
"1317";43635814;"f";0,5
"1318";43641791;"f";0,5
"1319";43719841;"m";0,5
"1320";43731955;"f";0,5
"1321";43736516;"f";0,5
"1322";43766960;"m";0,5
"1323";43768815;"m";0,5
"1324";43791407;"m";0,5
"1325";43803219;"f";0,5
"1326";43834098;"f";0,5
"1327";43843285;"m";0,5
"1328";43860093;"f";0,5
"1329";43883286;"f";0,5
"1330";43894350;"m";0,5
"1331";43930125;"m";0,5
"1332";43931691;"m";0,5
"1333";43934227;"f";0,5
"1334";43942445;"f";0,5
"1335";43954415;"f";0,5
"1336";43985003;"f";0,5
"1337";44086992;"f";0,5
"1338";44128900;"f";0,5
"1339";44147320;"m";0,5
"1340";44169982;"m";0,5
"1341";44237168;"f";0,5
"1342";44345264;"m";0,5
"1343";44491596;"m";0,5
"1344";44531200;"f";0,5
"1345";44611289;"m";0,5
"1346";44653968;"f";0,5
"1347";44695825;"f";0,5
"1348";44698445;"m";0,5
"1349";44766825;"f";0,5
"1350";44790747;"f";0,5
"1351";44835891;"f";0,5
"1352";44851634;"f";0,5
"1353";44853390;"f";0,5
"1354";44873974;"f";0,5
"1355";45010798;"f";0,5
"1356";45123326;"m";0,5
"1357";45227053;"f";0,5
"1358";45251588;"f";0,5
"1359";45258227;"m";0,5
"1360";45280580;"f";0,5
"1361";45281708;"f";0,5
"1362";45305790;"f";0,5
"1363";45356726;"m";0,5
"1364";45358821;"f";0,5
"1365";45399937;"f";0,5
"1366";45457016;"f";0,5
"1367";45467593;"f";0,5
"1368";45479973;"f";0,5
"1369";45601657;"f";0,5
"1370";45630829;"f";0,5
"1371";45708558;"f";0,5
"1372";45728687;"m";0,5
"1373";45750252;"f";0,5
"1374";45795926;"m";0,5
"1375";45821941;"m";0,5
"1376";45825869;"m";0,5
"1377";45828687;"m";0,5
"1378";45863288;"f";0,5
"1379";45959249;"f";0,5
"1380";45980810;"f";0,5
"1381";45993845;"f";0,5
"1382";45999685;"f";0,5
"1383";46000408;"m";0,5
"1384";46128853;"f";0,5
"1385";46156867;"m";0,5
"1386";46174469;"f";0,5
"1387";46180411;"f";0,5
"1388";46192684;"f";0,5
"1389";46213241;"f";0,5
"1390";46222201;"f";0,5
"1391";46223552;"f";0,5
"1392";46236143;"f";0,5
"1393";46251528;"f";0,5
"1394";46271150;"f";0,5
"1395";46363024;"f";0,5
"1396";46368438;"f";0,5
"1397";46369214;"f";0,5
"1398";46411454;"f";0,5
"1399";46440346;"f";0,5
"1400";46479242;"f";0,5
"1401";46549155;"f";0,5
"1402";46577243;"f";0,5
"1403";46606512;"f";0,5
"1404";46629877;"m";0,5
"1405";46664014;"f";0,5
"1406";46678844;"f";0,5
"1407";46759388;"m";0,5
"1408";46797614;"f";0,5
"1409";46798020;"m";0,5
"1410";46812280;"f";0,5
"1411";46853761;"m";0,5
"1412";46857524;"f";0,5
"1413";46876368;"f";0,5
"1414";46890042;"m";0,5
"1415";46896161;"f";0,5
"1416";46931053;"m";0,5
"1417";46967214;"f";0,5
"1418";47005673;"f";0,5
"1419";47041136;"f";0,5
"1420";47056620;"m";0,5
"1421";47121169;"f";0,5
"1422";47176666;"f";0,5
"1423";47403816;"m";0,5
"1424";47412460;"f";0,5
"1425";47419963;"f";0,5
"1426";47430126;"f";0,5
"1427";47468128;"f";0,5
"1428";47499859;"f";0,5
"1429";47510814;"f";0,5
"1430";47511758;"m";0,5
"1431";47563681;"m";0,5
"1432";47574729;"f";0,5
"1433";47577577;"m";0,5
"1434";47580121;"f";0,5
"1435";47689124;"m";0,5
"1436";47695293;"m";0,5
"1437";47725062;"f";0,5
"1438";47770801;"m";0,5
"1439";47813563;"f";0,5
"1440";47843594;"m";0,5
"1441";47884197;"m";0,5
"1442";47934592;"f";0,5
"1443";48036061;"f";0,5
"1444";48087576;"f";0,5
"1445";48090752;"f";0,5
"1446";48094140;"m";0,5
"1447";48101409;"m";0,5
"1448";48125969;"f";0,5
"1449";48131034;"f";0,5
"1450";48175348;"m";0,5
"1451";48254713;"f";0,5
"1452";48263763;"m";0,5
"1453";48267901;"f";0,5
"1454";48289048;"f";0,5
"1455";48290280;"m";0,5
"1456";48379608;"f";0,5
"1457";48380112;"f";0,5
"1458";48404060;"m";0,5
"1459";48461121;"m";0,5
"1460";48573524;"f";0,5
"1461";48642623;"f";0,5
"1462";48657857;"f";0,5
"1463";48737736;"f";0,5
"1464";48738935;"f";0,5
"1465";48741933;"f";0,5
"1466";48753673;"f";0,5
"1467";48757968;"f";0,5
"1468";48760719;"f";0,5
"1469";48762969;"f";0,5
"1470";48778236;"m";0,5
"1471";48815656;"f";0,5
"1472";48828269;"f";0,5
"1473";48860774;"f";0,5
"1474";48863277;"f";0,5
"1475";48898186;"f";0,5
"1476";48926565;"m";0,5
"1477";48931592;"f";0,5
"1478";48970597;"f";0,5
"1479";48992497;"f";0,5
"1480";49056586;"f";0,5
"1481";49057698;"f";0,5
"1482";49061245;"f";0,5
"1483";49091935;"f";0,5
"1484";49145982;"f";0,5
"1485";49228428;"m";0,5
"1486";49283085;"f";0,5
"1487";49373666;"f";0,5
"1488";49385418;"f";0,5
"1489";49415555;"f";0,5
"1490";49430331;"f";0,5
"1491";49485813;"f";0,5
"1492";49496212;"f";0,5
"1493";49500029;"m";0,5
"1494";49524835;"f";0,5
"1495";49558902;"m";0,5
"1496";49561887;"f";0,5
"1497";49575501;"f";0,5
"1498";49610845;"f";0,5
"1499";49648925;"f";0,5
"1500";49652169;"f";0,5
"1501";49672261;"f";0,5
"1502";49724677;"f";0,5
"1503";49728929;"m";0,5
"1504";49741231;"f";0,5
"1505";49817949;"m";0,5
"1506";49895138;"m";0,5
"1507";49911170;"m";0,5
"1508";49962107;"f";0,5
"1509";49971781;"m";0,5
"1510";50009033;"f";0,5
"1511";50015929;"f";0,5
"1512";50095077;"m";0,5
"1513";50128250;"f";0,5
"1514";50129303;"f";0,5
"1515";50175498;"f";0,5
"1516";50209827;"m";0,5
"1517";50211811;"f";0,5
"1518";50309844;"f";0,5
"1519";50339535;"f";0,5
"1520";50388916;"f";0,5
"1521";50474809;"f";0,5
"1522";50500924;"f";0,5
"1523";50502217;"f";0,5
"1524";50517114;"m";0,5
"1525";50568769;"f";0,5
"1526";50611937;"f";0,5
"1527";50665246;"f";0,5
"1528";50669968;"f";0,5
"1529";50717991;"m";0,5
"1530";50726996;"m";0,5
"1531";50746975;"f";0,5
"1532";50756916;"f";0,5
"1533";50774566;"f";0,5
"1534";50851892;"f";0,5
"1535";50869220;"f";0,5
"1536";50938480;"m";0,5
"1537";50964651;"m";0,5
"1538";50985304;"f";0,5
"1539";50986158;"m";0,5
"1540";51027977;"m";0,5
"1541";51088221;"m";0,5
"1542";51093437;"m";0,5
"1543";51115167;"f";0,5
"1544";51129961;"m";0,5
"1545";51147020;"f";0,5
"1546";51187752;"f";0,5
"1547";51288726;"m";0,5
"1548";51318217;"f";0,5
"1549";51358237;"f";0,5
"1550";51427893;"f";0,5
"1551";51491644;"f";0,5
"1552";51528785;"m";0,5
"1553";51543831;"m";0,5
"1554";51643708;"m";0,5
"1555";51656161;"f";0,5
"1556";51728818;"m";0,5
"1557";51768063;"f";0,5
"1558";51797529;"m";0,5
"1559";51897936;"f";0,5
"1560";51906433;"m";0,5
"1561";51920655;"m";0,5
"1562";51970128;"f";0,5
"1563";51982891;"f";0,5
"1564";51993392;"m";0,5
"1565";52011821;"f";0,5
"1566";52025881;"f";0,5
"1567";52032698;"f";0,5
"1568";52060487;"f";0,5
"1569";52102813;"m";0,5
"1570";52118643;"f";0,5
"1571";52165266;"f";0,5
"1572";52194263;"f";0,5
"1573";52203393;"m";0,5
"1574";52273929;"m";0,5
"1575";52302940;"f";0,5
"1576";52354153;"m";0,5
"1577";52388516;"f";0,5
"1578";52403999;"f";0,5
"1579";52439629;"m";0,5
"1580";52457006;"m";0,5
"1581";52478008;"f";0,5
"1582";52504826;"f";0,5
"1583";52513416;"f";0,5
"1584";52621710;"m";0,5
"1585";52646727;"f";0,5
"1586";52676628;"f";0,5
"1587";52742755;"f";0,5
"1588";52771053;"f";0,5
"1589";52774763;"f";0,5
"1590";52866075;"f";0,5
"1591";53040376;"f";0,5
"1592";53042935;"f";0,5
"1593";53092510;"f";0,5
"1594";53095860;"m";0,5
"1595";53198559;"f";0,5
"1596";53210255;"f";0,5
"1597";53218858;"f";0,5
"1598";53220188;"f";0,5
"1599";53232417;"f";0,5
"1600";53245434;"m";0,5
"1601";53268052;"f";0,5
"1602";53296243;"m";0,5
"1603";53321767;"f";0,5
"1604";53336431;"m";0,5
"1605";53406614;"f";0,5
"1606";53477202;"f";0,5
"1607";53523819;"m";0,5
"1608";53545689;"f";0,5
"1609";53554577;"f";0,5
"1610";53571593;"m";0,5
"1611";53594805;"f";0,5
"1612";53627743;"f";0,5
"1613";53645677;"m";0,5
"1614";53676879;"f";0,5
"1615";53696635;"f";0,5
"1616";53701818;"f";0,5
"1617";53766369;"m";0,5
"1618";53767250;"f";0,5
"1619";53774994;"m";0,5
"1620";53776320;"f";0,5
"1621";53794818;"m";0,5
"1622";53815150;"m";0,5
"1623";53847866;"m";0,5
"1624";53972911;"f";0,5
"1625";54017209;"f";0,5
"1626";54063746;"f";0,5
"1627";54064417;"m";0,5
"1628";54163999;"m";0,5
"1629";54183215;"f";0,5
"1630";54185672;"f";0,5
"1631";54199565;"f";0,5
"1632";54242501;"m";0,5
"1633";54313259;"f";0,5
"1634";54513531;"f";0,5
"1635";54536278;"m";0,5
"1636";54549909;"f";0,5
"1637";54593643;"f";0,5
"1638";54659930;"f";0,5
"1639";54677927;"m";0,5
"1640";54678951;"m";0,5
"1641";54786851;"m";0,5
"1642";54825984;"f";0,5
"1643";54827084;"m";0,5
"1644";54840306;"f";0,5
"1645";54871257;"m";0,5
"1646";54916897;"f";0,5
"1647";54921924;"f";0,5
"1648";54999489;"f";0,5
"1649";55035689;"f";0,5
"1650";55040277;"f";0,5
"1651";55045775;"f";0,5
"1652";55047220;"m";0,5
"1653";55049025;"m";0,5
"1654";55086769;"m";0,5
"1655";55086907;"f";0,5
"1656";55128348;"m";0,5
"1657";55144070;"f";0,5
"1658";55155107;"f";0,5
"1659";55200262;"f";0,5
"1660";55237182;"f";0,5
"1661";55262942;"f";0,5
"1662";55277921;"f";0,5
"1663";55301181;"m";0,5
"1664";55343396;"f";0,5
"1665";55352054;"f";0,5
"1666";55388140;"f";0,5
"1667";55455058;"f";0,5
"1668";55503382;"m";0,5
"1669";55506779;"f";0,5
"1670";55530412;"m";0,5
"1671";55538514;"f";0,5
"1672";55607364;"m";0,5
"1673";55652847;"f";0,5
"1674";55705601;"m";0,5
"1675";55774120;"m";0,5
"1676";55806303;"f";0,5
"1677";55843641;"f";0,5
"1678";55860979;"f";0,5
"1679";55921047;"f";0,5
"1680";56006743;"f";0,5
"1681";56019414;"f";0,5
"1682";56109533;"m";0,5
"1683";56143504;"m";0,5
"1684";56152331;"m";0,5
"1685";56159176;"f";0,5
"1686";56182602;"f";0,5
"1687";56198813;"m";0,5
"1688";56269584;"f";0,5
"1689";56284357;"f";0,5
"1690";56369187;"m";0,5
"1691";56420502;"f";0,5
"1692";56436494;"f";0,5
"1693";56455029;"f";0,5
"1694";56490839;"f";0,5
"1695";56538073;"f";0,5
"1696";56606308;"m";0,5
"1697";56637665;"f";0,5
"1698";56639375;"f";0,5
"1699";56654346;"f";0,5
"1700";56662163;"f";0,5
"1701";56734262;"m";0,5
"1702";56743802;"f";0,5
"1703";56820772;"f";0,5
"1704";56843890;"f";0,5
"1705";56902795;"f";0,5
"1706";56982294;"f";0,5
"1707";57052980;"f";0,5
"1708";57069387;"f";0,5
"1709";57114416;"f";0,5
"1710";57154397;"m";0,5
"1711";57206593;"f";0,5
"1712";57258798;"f";0,5
"1713";57271742;"m";0,5
"1714";57334646;"f";0,5
"1715";57350950;"f";0,5
"1716";57368776;"f";0,5
"1717";57380153;"f";0,5
"1718";57382212;"f";0,5
"1719";57403649;"f";0,5
"1720";57417933;"f";0,5
"1721";57447668;"f";0,5
"1722";57495074;"m";0,5
"1723";57501477;"f";0,5
"1724";57539287;"f";0,5
"1725";57582108;"f";0,5
"1726";57609182;"f";0,5
"1727";57631143;"m";0,5
"1728";57651456;"f";0,5
"1729";57671345;"f";0,5
"1730";57765004;"m";0,5
"1731";57798368;"m";0,5
"1732";57802431;"f";0,5
"1733";57818455;"f";0,5
"1734";57826194;"f";0,5
"1735";57845894;"m";0,5
"1736";57925369;"f";0,5
"1737";58015523;"f";0,5
"1738";58017754;"f";0,5
"1739";58053783;"f";0,5
"1740";58092791;"f";0,5
"1741";58146848;"f";0,5
"1742";58161351;"f";0,5
"1743";58165107;"f";0,5
"1744";58244158;"f";0,5
"1745";58310145;"f";0,5
"1746";58313441;"f";0,5
"1747";58337944;"f";0,5
"1748";58403873;"m";0,5
"1749";58409683;"f";0,5
"1750";58413297;"f";0,5
"1751";58463825;"m";0,5
"1752";58515334;"m";0,5
"1753";58589812;"f";0,5
"1754";58610651;"m";0,5
"1755";58627203;"f";0,5
"1756";58687545;"f";0,5
"1757";58699299;"m";0,5
"1758";58788456;"m";0,5
"1759";58792452;"m";0,5
"1760";58794851;"m";0,5
"1761";58798311;"f";0,5
"1762";58803010;"m";0,5
"1763";58861824;"f";0,5
"1764";58986725;"m";0,5
"1765";59026499;"f";0,5
"1766";59061421;"f";0,5
"1767";59068281;"m";0,5
"1768";59068979;"f";0,5
"1769";59247238;"f";0,5
"1770";59331236;"f";0,5
"1771";59398993;"f";0,5
"1772";59412639;"f";0,5
"1773";59473185;"m";0,5
"1774";59519264;"f";0,5
"1775";59532496;"f";0,5
"1776";59573640;"m";0,5
"1777";59636777;"f";0,5
"1778";59672142;"f";0,5
"1779";59676418;"f";0,5
"1780";59722733;"f";0,5
"1781";59751558;"m";0,5
"1782";59772148;"f";0,5
"1783";59822250;"f";0,5
"1784";59848536;"f";0,5
"1785";59850201;"f";0,5
"1786";59924985;"f";0,5
"1787";59953125;"f";0,5
"1788";59971322;"f";0,5
"1789";60003965;"f";0,5
"1790";60037489;"f";0,5
"1791";60038481;"m";0,5
"1792";60038858;"f";0,5
"1793";60105418;"f";0,5
"1794";60150994;"f";0,5
"1795";60151282;"m";0,5
"1796";60159397;"f";0,5
"1797";60164248;"f";0,5
"1798";60230079;"f";0,5
"1799";60322160;"f";0,5
"1800";60334649;"m";0,5
"1801";60373957;"f";0,5
"1802";60456046;"f";0,5
"1803";60471515;"f";0,5
"1804";60600969;"f";0,5
"1805";60716101;"m";0,5
"1806";60768036;"m";0,5
"1807";60802442;"f";0,5
"1808";60804549;"f";0,5
"1809";60832587;"m";0,5
"1810";60845402;"f";0,5
"1811";60875936;"f";0,5
"1812";60884845;"f";0,5
"1813";60958627;"m";0,5
"1814";61015849;"f";0,5
"1815";61090794;"m";0,5
"1816";61092521;"f";0,5
"1817";61127974;"f";0,5
"1818";61134525;"m";0,5
"1819";61242490;"m";0,5
"1820";61267221;"f";0,5
"1821";61283132;"m";0,5
"1822";61294827;"f";0,5
"1823";61317029;"f";0,5
"1824";61336379;"m";0,5
"1825";61378124;"m";0,5
"1826";61385271;"m";0,5
"1827";61399891;"f";0,5
"1828";61403125;"f";0,5
"1829";61422381;"m";0,5
"1830";61431388;"f";0,5
"1831";61490379;"f";0,5
"1832";61502221;"m";0,5
"1833";61531890;"m";0,5
"1834";61572068;"m";0,5
"1835";61590720;"m";0,5
"1836";61628007;"f";0,5
"1837";61659690;"f";0,5
"1838";61726597;"f";0,5
"1839";61740250;"f";0,5
"1840";61743191;"m";0,5
"1841";61766010;"f";0,5
"1842";61792627;"m";0,5
"1843";61821103;"f";0,5
"1844";61880261;"f";0,5
"1845";61883472;"f";0,5
"1846";61892054;"m";0,5
"1847";61900989;"m";0,5
"1848";61928724;"f";0,5
"1849";61942794;"m";0,5
"1850";61949485;"f";0,5
"1851";61952744;"m";0,5
"1852";61977775;"f";0,5
"1853";61980616;"m";0,5
"1854";61989470;"f";0,5
"1855";62048436;"f";0,5
"1856";62076715;"m";0,5
"1857";62084181;"m";0,5
"1858";62085233;"f";0,5
"1859";62094116;"m";0,5
"1860";62118296;"f";0,5
"1861";62131392;"m";0,5
"1862";62165080;"f";0,5
"1863";62223163;"f";0,5
"1864";62279169;"f";0,5
"1865";62312250;"f";0,5
"1866";62323241;"f";0,5
"1867";62345856;"m";0,5
"1868";62374959;"f";0,5
"1869";62411289;"m";0,5
"1870";62417559;"f";0,5
"1871";62450762;"f";0,5
"1872";62458162;"f";0,5
"1873";62498113;"m";0,5
"1874";62498399;"m";0,5
"1875";62561374;"f";0,5
"1876";62602001;"m";0,5
"1877";62618815;"f";0,5
"1878";62630176;"f";0,5
"1879";62638765;"f";0,5
"1880";62701049;"f";0,5
"1881";62723208;"f";0,5
"1882";62735032;"m";0,5
"1883";62810506;"f";0,5
"1884";62857590;"f";0,5
"1885";62873812;"m";0,5
"1886";62886310;"f";0,5
"1887";62889274;"f";0,5
"1888";62943829;"f";0,5
"1889";63043067;"f";0,5
"1890";63090151;"f";0,5
"1891";63121791;"m";0,5
"1892";63162438;"f";0,5
"1893";63173740;"f";0,5
"1894";63178980;"f";0,5
"1895";63255234;"f";0,5
"1896";63278887;"f";0,5
"1897";63311784;"f";0,5
"1898";63314146;"f";0,5
"1899";63382686;"f";0,5
"1900";63424255;"f";0,5
"1901";63435663;"f";0,5
"1902";63470330;"f";0,5
"1903";63478078;"f";0,5
"1904";63479862;"m";0,5
"1905";63547841;"m";0,5
"1906";63550907;"m";0,5
"1907";63560017;"f";0,5
"1908";63566482;"f";0,5
"1909";63567342;"f";0,5
"1910";63576914;"f";0,5
"1911";63592952;"f";0,5
"1912";63594478;"f";0,5
"1913";63636771;"f";0,5
"1914";63697046;"f";0,5
"1915";63699205;"f";0,5
"1916";63701376;"f";0,5
"1917";63726080;"m";0,5
"1918";63729265;"m";0,5
"1919";63749972;"m";0,5
"1920";63823503;"f";0,5
"1921";63887417;"f";0,5
"1922";63908670;"f";0,5
"1923";64030526;"m";0,5
"1924";64050247;"m";0,5
"1925";64064066;"m";0,5
"1926";64099732;"f";0,5
"1927";64188812;"m";0,5
"1928";64222251;"f";0,5
"1929";64337148;"f";0,5
"1930";64369553;"m";0,5
"1931";64373283;"f";0,5
"1932";64392377;"m";0,5
"1933";64522548;"f";0,5
"1934";64530618;"f";0,5
"1935";64546343;"f";0,5
"1936";64548384;"f";0,5
"1937";64568194;"f";0,5
"1938";64582057;"f";0,5
"1939";64584327;"f";0,5
"1940";64617678;"m";0,5
"1941";64637880;"f";0,5
"1942";64664590;"f";0,5
"1943";64697439;"f";0,5
"1944";64752743;"f";0,5
"1945";64768263;"m";0,5
"1946";64800004;"f";0,5
"1947";64810479;"f";0,5
"1948";64887407;"f";0,5
"1949";64938093;"f";0,5
"1950";64963998;"m";0,5
"1951";64995508;"f";0,5
"1952";65042737;"f";0,5
"1953";65075641;"m";0,5
"1954";65096679;"f";0,5
"1955";65104213;"f";0,5
"1956";65128317;"f";0,5
"1957";65148547;"f";0,5
"1958";65179321;"f";0,5
"1959";65190849;"f";0,5
"1960";65193271;"f";0,5
"1961";65258798;"m";0,5
"1962";65292213;"f";0,5
"1963";65375835;"f";0,5
"1964";65465815;"m";0,5
"1965";65493433;"m";0,5
"1966";65571186;"f";0,5
"1967";65617755;"f";0,5
"1968";65625505;"f";0,5
"1969";65797083;"m";0,5
"1970";65803757;"m";0,5
"1971";65833509;"m";0,5
"1972";65910902;"f";0,5
"1973";65962287;"f";0,5
"1974";65982943;"f";0,5
"1975";65983905;"f";0,5
"1976";66019252;"m";0,5
"1977";66050282;"f";0,5
"1978";66051661;"m";0,5
"1979";66118344;"f";0,5
"1980";66118785;"m";0,5
"1981";66144639;"f";0,5
"1982";66145899;"f";0,5
"1983";66153079;"f";0,5
"1984";66187633;"f";0,5
"1985";66205516;"f";0,5
"1986";66242493;"m";0,5
"1987";66250675;"f";0,5
"1988";66269250;"f";0,5
"1989";66284593;"f";0,5
"1990";66293375;"f";0,5
"1991";66333061;"f";0,5
"1992";66342111;"f";0,5
"1993";66382055;"m";0,5
"1994";66568484;"f";0,5
"1995";66600468;"m";0,5
"1996";66894718;"f";0,5
"1997";66923876;"f";0,5
"1998";66936891;"m";0,5
"1999";67042710;"f";0,5
"2000";67046767;"f";0,5
"2001";67058810;"m";0,5
"2002";67075839;"f";0,5
"2003";67093735;"f";0,5
"2004";67104228;"m";0,5
"2005";67118981;"f";0,5
"2006";67149540;"f";0,5
"2007";67196163;"m";0,5
"2008";67206030;"f";0,5
"2009";67232660;"m";0,5
"2010";67292802;"f";0,5
"2011";67316586;"f";0,5
"2012";67323104;"f";0,5
"2013";67328641;"f";0,5
"2014";67440285;"f";0,5
"2015";67440736;"f";0,5
"2016";67465341;"f";0,5
"2017";67497098;"f";0,5
"2018";67532973;"f";0,5
"2019";67547399;"m";0,5
"2020";67598153;"f";0,5
"2021";67608216;"m";0,5
"2022";67680029;"m";0,5
"2023";67688725;"f";0,5
"2024";67717126;"m";0,5
"2025";67728458;"f";0,5
"2026";67731915;"m";0,5
"2027";67738197;"f";0,5
"2028";67755320;"f";0,5
"2029";67762606;"m";0,5
"2030";67842357;"m";0,5
"2031";67850934;"f";0,5
"2032";67889174;"f";0,5
"2033";67898574;"m";0,5
"2034";67901119;"f";0,5
"2035";67924508;"f";0,5
"2036";67927807;"f";0,5
"2037";68012693;"f";0,5
"2038";68078489;"f";0,5
"2039";68089681;"f";0,5
"2040";68101656;"m";0,5
"2041";68136440;"f";0,5
"2042";68156212;"f";0,5
"2043";68246575;"m";0,5
"2044";68309319;"m";0,5
"2045";68334247;"f";0,5
"2046";68363141;"f";0,5
"2047";68385632;"m";0,5
"2048";68387921;"f";0,5
"2049";68424595;"m";0,5
"2050";68444868;"f";0,5
"2051";68452969;"f";0,5
"2052";68456799;"m";0,5
"2053";68515960;"f";0,5
"2054";68604501;"f";0,5
"2055";68607680;"m";0,5
"2056";68671525;"f";0,5
"2057";68761333;"f";0,5
"2058";68764710;"f";0,5
"2059";68796728;"f";0,5
"2060";68832301;"f";0,5
"2061";68836930;"m";0,5
"2062";68844152;"f";0,5
"2063";68859425;"f";0,5
"2064";68870981;"f";0,5
"2065";68893149;"f";0,5
"2066";68896019;"f";0,5
"2067";68897199;"f";0,5
"2068";68945476;"f";0,5
"2069";68967565;"f";0,5
"2070";68995347;"f";0,5
"2071";69006499;"f";0,5
"2072";69015745;"f";0,5
"2073";69052112;"f";0,5
"2074";69079482;"f";0,5
"2075";69079911;"f";0,5
"2076";69100576;"f";0,5
"2077";69105757;"m";0,5
"2078";69123469;"f";0,5
"2079";69161700;"m";0,5
"2080";69228691;"m";0,5
"2081";69243840;"m";0,5
"2082";69269626;"m";0,5
"2083";69270294;"m";0,5
"2084";69319418;"f";0,5
"2085";69323403;"m";0,5
"2086";69341664;"m";0,5
"2087";69415814;"f";0,5
"2088";69549133;"f";0,5
"2089";69598297;"f";0,5
"2090";69638863;"f";0,5
"2091";69646893;"m";0,5
"2092";69687686;"m";0,5
"2093";69687814;"m";0,5
"2094";69698446;"f";0,5
"2095";69712465;"f";0,5
"2096";69757958;"f";0,5
"2097";69802115;"f";0,5
"2098";69821687;"f";0,5
"2099";69842066;"f";0,5
"2100";69867854;"m";0,5
"2101";69876998;"f";0,5
"2102";69883643;"m";0,5
"2103";69897761;"f";0,5
"2104";69904612;"f";0,5
"2105";69906772;"m";0,5
"2106";69942970;"f";0,5
"2107";69963880;"f";0,5
"2108";69971972;"m";0,5
"2109";69978228;"f";0,5
"2110";69990113;"m";0,5
"2111";69993604;"m";0,5
"2112";70040545;"f";0,5
"2113";70042394;"f";0,5
"2114";70109231;"f";0,5
"2115";70145905;"f";0,5
"2116";70163966;"m";0,5
"2117";70170473;"m";0,5
"2118";70213178;"f";0,5
"2119";70291802;"f";0,5
"2120";70303104;"f";0,5
"2121";70307755;"f";0,5
"2122";70327108;"f";0,5
"2123";70335057;"f";0,5
"2124";70344484;"f";0,5
"2125";70354106;"m";0,5
"2126";70367577;"m";0,5
"2127";70372326;"f";0,5
"2128";70414581;"f";0,5
"2129";70464233;"m";0,5
"2130";70503463;"m";0,5
"2131";70549535;"f";0,5
"2132";70555555;"f";0,5
"2133";70634169;"f";0,5
"2134";70741079;"f";0,5
"2135";70803862;"f";0,5
"2136";70852678;"f";0,5
"2137";70870942;"f";0,5
"2138";70917262;"m";0,5
"2139";70927779;"f";0,5
"2140";70932702;"m";0,5
"2141";70951201;"f";0,5
"2142";70956280;"f";0,5
"2143";70988604;"f";0,5
"2144";71046753;"m";0,5
"2145";71179702;"f";0,5
"2146";71186181;"f";0,5
"2147";71219052;"f";0,5
"2148";71222388;"f";0,5
"2149";71243465;"m";0,5
"2150";71276247;"m";0,5
"2151";71331376;"f";0,5
"2152";71373271;"f";0,5
"2153";71430149;"f";0,5
"2154";71461408;"f";0,5
"2155";71474169;"f";0,5
"2156";71476478;"f";0,5
"2157";71479996;"f";0,5
"2158";71507873;"f";0,5
"2159";71512641;"f";0,5
"2160";71598295;"f";0,5
"2161";71615404;"m";0,5
"2162";71688082;"m";0,5
"2163";71718427;"m";0,5
"2164";71739556;"m";0,5
"2165";71758343;"f";0,5
"2166";71784584;"f";0,5
"2167";71791698;"f";0,5
"2168";71805563;"f";0,5
"2169";71841763;"m";0,5
"2170";71860004;"f";0,5
"2171";71872087;"m";0,5
"2172";71890029;"f";0,5
"2173";71893817;"f";0,5
"2174";71946204;"f";0,5
"2175";72015340;"f";0,5
"2176";72024916;"f";0,5
"2177";72027887;"f";0,5
"2178";72031273;"f";0,5
"2179";72070089;"f";0,5
"2180";72126896;"f";0,5
"2181";72140437;"m";0,5
"2182";72148596;"f";0,5
"2183";72166069;"m";0,5
"2184";72199057;"f";0,5
"2185";72251760;"f";0,5
"2186";72256116;"m";0,5
"2187";72288442;"f";0,5
"2188";72300603;"m";0,5
"2189";72333984;"f";0,5
"2190";72341948;"f";0,5
"2191";72386019;"f";0,5
"2192";72417018;"m";0,5
"2193";72471571;"m";0,5
"2194";72525197;"m";0,5
"2195";72527809;"f";0,5
"2196";72545770;"f";0,5
"2197";72557966;"f";0,5
"2198";72610624;"m";0,5
"2199";72660931;"f";0,5
"2200";72661208;"f";0,5
"2201";72726543;"f";0,5
"2202";72751958;"f";0,5
"2203";72762405;"f";0,5
"2204";72823987;"f";0,5
"2205";72856775;"f";0,5
"2206";72987018;"f";0,5
"2207";73020815;"m";0,5
"2208";73062350;"f";0,5
"2209";73155567;"f";0,5
"2210";73172177;"m";0,5
"2211";73175338;"f";0,5
"2212";73187721;"f";0,5
"2213";73189859;"f";0,5
"2214";73258460;"f";0,5
"2215";73276006;"m";0,5
"2216";73331514;"f";0,5
"2217";73341034;"f";0,5
"2218";73350115;"f";0,5
"2219";73372506;"f";0,5
"2220";73410933;"f";0,5
"2221";73447475;"m";0,5
"2222";73465371;"f";0,5
"2223";73483226;"f";0,5
"2224";73483231;"f";0,5
"2225";73505717;"f";0,5
"2226";73554785;"f";0,5
"2227";73598812;"f";0,5
"2228";73637026;"f";0,5
"2229";73674968;"f";0,5
"2230";73740375;"m";0,5
"2231";73963025;"m";0,5
"2232";73977285;"m";0,5
"2233";73979134;"f";0,5
"2234";74040264;"f";0,5
"2235";74115193;"m";0,5
"2236";74128530;"f";0,5
"2237";74143191;"m";0,5
"2238";74146605;"f";0,5
"2239";74192474;"f";0,5
"2240";74229871;"f";0,5
"2241";74302740;"f";0,5
"2242";74322014;"f";0,5
"2243";74340205;"f";0,5
"2244";74376012;"m";0,5
"2245";74418143;"f";0,5
"2246";74420040;"f";0,5
"2247";74428229;"m";0,5
"2248";74483095;"f";0,5
"2249";74514929;"f";0,5
"2250";74515789;"f";0,5
"2251";74566126;"m";0,5
"2252";74611939;"f";0,5
"2253";74612100;"m";0,5
"2254";74621121;"f";0,5
"2255";74637057;"m";0,5
"2256";74666069;"m";0,5
"2257";74697056;"m";0,5
"2258";74714195;"f";0,5
"2259";74727448;"f";0,5
"2260";74733200;"m";0,5
"2261";74742346;"f";0,5
"2262";74752178;"m";0,5
"2263";74850786;"f";0,5
"2264";74875050;"m";0,5
"2265";74924638;"f";0,5
"2266";74992220;"m";0,5
"2267";75010111;"f";0,5
"2268";75087599;"f";0,5
"2269";75092576;"f";0,5
"2270";75106459;"f";0,5
"2271";75183304;"f";0,5
"2272";75194021;"f";0,5
"2273";75315773;"m";0,5
"2274";75353732;"m";0,5
"2275";75432576;"f";0,5
"2276";75434370;"f";0,5
"2277";75437669;"f";0,5
"2278";75438716;"m";0,5
"2279";75444663;"f";0,5
"2280";75448743;"f";0,5
"2281";75474864;"m";0,5
"2282";75604431;"m";0,5
"2283";75612674;"f";0,5
"2284";75672703;"f";0,5
"2285";75685115;"m";0,5
"2286";75699831;"f";0,5
"2287";75707940;"m";0,5
"2288";75759478;"f";0,5
"2289";75781902;"f";0,5
"2290";75820447;"f";0,5
"2291";75828785;"f";0,5
"2292";75846138;"f";0,5
"2293";75849526;"m";0,5
"2294";75983165;"m";0,5
"2295";76065011;"f";0,5
"2296";76073429;"f";0,5
"2297";76092488;"f";0,5
"2298";76122863;"f";0,5
"2299";76131079;"f";0,5
"2300";76133553;"f";0,5
"2301";76149338;"f";0,5
"2302";76169287;"f";0,5
"2303";76170259;"f";0,5
"2304";76229986;"f";0,5
"2305";76252471;"f";0,5
"2306";76295599;"f";0,5
"2307";76310395;"f";0,5
"2308";76357189;"f";0,5
"2309";76409349;"f";0,5
"2310";76449337;"f";0,5
"2311";76508289;"f";0,5
"2312";76553385;"f";0,5
"2313";76583555;"f";0,5
"2314";76626549;"f";0,5
"2315";76658003;"m";0,5
"2316";76675942;"f";0,5
"2317";76762108;"f";0,5
"2318";76773689;"f";0,5
"2319";76781240;"f";0,5
"2320";76805207;"f";0,5
"2321";76824089;"f";0,5
"2322";76878167;"m";0,5
"2323";76988366;"m";0,5
"2324";77036586;"f";0,5
"2325";77068875;"m";0,5
"2326";77087708;"f";0,5
"2327";77091333;"f";0,5
"2328";77097428;"f";0,5
"2329";77097744;"m";0,5
"2330";77106908;"f";0,5
"2331";77125355;"m";0,5
"2332";77152157;"f";0,5
"2333";77189566;"m";0,5
"2334";77197207;"f";0,5
"2335";77230698;"m";0,5
"2336";77232640;"m";0,5
"2337";77248184;"m";0,5
"2338";77305367;"m";0,5
"2339";77317057;"f";0,5
"2340";77568883;"f";0,5
"2341";77582760;"m";0,5
"2342";77729054;"f";0,5
"2343";77770586;"f";0,5
"2344";77821007;"f";0,5
"2345";77846176;"m";0,5
"2346";77936187;"f";0,5
"2347";77963577;"f";0,5
"2348";77974617;"m";0,5
"2349";78024219;"f";0,5
"2350";78029866;"f";0,5
"2351";78046743;"f";0,5
"2352";78058615;"m";0,5
"2353";78101760;"f";0,5
"2354";78194360;"f";0,5
"2355";78208546;"f";0,5
"2356";78230017;"m";0,5
"2357";78336615;"f";0,5
"2358";78370125;"f";0,5
"2359";78386413;"f";0,5
"2360";78437901;"f";0,5
"2361";78538730;"m";0,5
"2362";78559970;"m";0,5
"2363";78577781;"m";0,5
"2364";78603033;"f";0,5
"2365";78603727;"f";0,5
"2366";78661245;"m";0,5
"2367";78665503;"f";0,5
"2368";78681889;"f";0,5
"2369";78720273;"f";0,5
"2370";78773470;"f";0,5
"2371";78780287;"f";0,5
"2372";78835307;"m";0,5
"2373";78841869;"m";0,5
"2374";78867169;"m";0,5
"2375";78970218;"f";0,5
"2376";78983227;"f";0,5
"2377";78996587;"f";0,5
"2378";79005623;"m";0,5
"2379";79010721;"f";0,5
"2380";79035179;"m";0,5
"2381";79129207;"f";0,5
"2382";79131647;"m";0,5
"2383";79134293;"m";0,5
"2384";79157249;"f";0,5
"2385";79241506;"f";0,5
"2386";79304680;"f";0,5
"2387";79361268;"m";0,5
"2388";79387154;"f";0,5
"2389";79532297;"f";0,5
"2390";79574943;"f";0,5
"2391";79575808;"f";0,5
"2392";79618475;"f";0,5
"2393";79678716;"m";0,5
"2394";79685736;"f";0,5
"2395";79715080;"f";0,5
"2396";79728544;"f";0,5
"2397";79843973;"f";0,5
"2398";79850492;"f";0,5
"2399";79854567;"f";0,5
"2400";79878240;"f";0,5
"2401";80012667;"f";0,5
"2402";80022190;"m";0,5
"2403";80043060;"m";0,5
"2404";80063130;"m";0,5
"2405";80099081;"f";0,5
"2406";80114946;"f";0,5
"2407";80117442;"f";0,5
"2408";80140038;"f";0,5
"2409";80174387;"m";0,5
"2410";80249747;"m";0,5
"2411";80396561;"f";0,5
"2412";80409954;"m";0,5
"2413";80452059;"f";0,5
"2414";80476834;"m";0,5
"2415";80608304;"m";0,5
"2416";80613198;"f";0,5
"2417";80641897;"f";0,5
"2418";80654697;"m";0,5
"2419";80678417;"m";0,5
"2420";80857108;"f";0,5
"2421";80922666;"m";0,5
"2422";80929391;"m";0,5
"2423";80934822;"f";0,5
"2424";81014923;"f";0,5
"2425";81112840;"f";0,5
"2426";81193678;"f";0,5
"2427";81271975;"m";0,5
"2428";81285545;"m";0,5
"2429";81307573;"f";0,5
"2430";81388660;"f";0,5
"2431";81404322;"f";0,5
"2432";81440707;"f";0,5
"2433";81469705;"f";0,5
"2434";81546263;"f";0,5
"2435";81557213;"m";0,5
"2436";81564760;"f";0,5
"2437";81615369;"f";0,5
"2438";81630787;"f";0,5
"2439";81637000;"f";0,5
"2440";81711797;"f";0,5
"2441";81744193;"m";0,5
"2442";81746047;"f";0,5
"2443";81768650;"m";0,5
"2444";81777225;"f";0,5
"2445";81820532;"m";0,5
"2446";81821284;"m";0,5
"2447";81824059;"f";0,5
"2448";81833822;"m";0,5
"2449";81837813;"f";0,5
"2450";81846240;"f";0,5
"2451";81881468;"m";0,5
"2452";81888944;"f";0,5
"2453";81924309;"m";0,5
"2454";81936989;"f";0,5
"2455";81969361;"m";0,5
"2456";81998653;"f";0,5
"2457";82019973;"m";0,5
"2458";82072486;"f";0,5
"2459";82082452;"m";0,5
"2460";82182319;"f";0,5
"2461";82203542;"f";0,5
"2462";82206834;"m";0,5
"2463";82225267;"f";0,5
"2464";82232608;"m";0,5
"2465";82234705;"m";0,5
"2466";82239419;"m";0,5
"2467";82256137;"f";0,5
"2468";82335322;"m";0,5
"2469";82336582;"f";0,5
"2470";82338075;"m";0,5
"2471";82379400;"m";0,5
"2472";82386433;"f";0,5
"2473";82453967;"f";0,5
"2474";82500322;"f";0,5
"2475";82518781;"f";0,5
"2476";82559544;"f";0,5
"2477";82577816;"f";0,5
"2478";82584130;"m";0,5
"2479";82606755;"f";0,5
"2480";82637921;"f";0,5
"2481";82650025;"f";0,5
"2482";82656164;"f";0,5
"2483";82716985;"f";0,5
"2484";82724299;"m";0,5
"2485";82825677;"f";0,5
"2486";82854894;"m";0,5
"2487";82893062;"f";0,5
"2488";82903963;"f";0,5
"2489";82968409;"m";0,5
"2490";83010794;"f";0,5
"2491";83046515;"m";0,5
"2492";83063340;"f";0,5
"2493";83074025;"f";0,5
"2494";83098697;"f";0,5
"2495";83159171;"m";0,5
"2496";83192420;"f";0,5
"2497";83213051;"f";0,5
"2498";83256646;"m";0,5
"2499";83314015;"f";0,5
"2500";83345157;"f";0,5
"2501";83405070;"f";0,5
"2502";83423425;"f";0,5
"2503";83471467;"f";0,5
"2504";83513635;"f";0,5
"2505";83577667;"m";0,5
"2506";83606802;"f";0,5
"2507";83621174;"f";0,5
"2508";83655199;"f";0,5
"2509";83669219;"m";0,5
"2510";83679880;"f";0,5
"2511";83704249;"f";0,5
"2512";83733978;"m";0,5
"2513";83770587;"f";0,5
"2514";83827093;"m";0,5
"2515";83835663;"m";0,5
"2516";83835729;"f";0,5
"2517";83882689;"f";0,5
"2518";83915586;"m";0,5
"2519";84068355;"f";0,5
"2520";84100380;"f";0,5
"2521";84105822;"f";0,5
"2522";84153999;"f";0,5
"2523";84219086;"m";0,5
"2524";84233768;"f";0,5
"2525";84258441;"f";0,5
"2526";84305124;"f";0,5
"2527";84328244;"f";0,5
"2528";84355057;"f";0,5
"2529";84399280;"f";0,5
"2530";84468025;"f";0,5
"2531";84502173;"m";0,5
"2532";84524540;"f";0,5
"2533";84542981;"f";0,5
"2534";84576038;"m";0,5
"2535";84581843;"f";0,5
"2536";84688545;"m";0,5
"2537";84765219;"m";0,5
"2538";84767947;"m";0,5
"2539";84786346;"m";0,5
"2540";84791354;"f";0,5
"2541";84807183;"f";0,5
"2542";84811427;"f";0,5
"2543";84877317;"f";0,5
"2544";84899516;"f";0,5
"2545";84905539;"m";0,5
"2546";84958317;"f";0,5
"2547";84989291;"f";0,5
"2548";85002173;"f";0,5
"2549";85035842;"f";0,5
"2550";85050173;"m";0,5
"2551";85092930;"f";0,5
"2552";85148948;"f";0,5
"2553";85267206;"f";0,5
"2554";85283488;"f";0,5
"2555";85320913;"f";0,5
"2556";85336948;"f";0,5
"2557";85342830;"f";0,5
"2558";85352744;"f";0,5
"2559";85358613;"m";0,5
"2560";85394542;"m";0,5
"2561";85463132;"f";0,5
"2562";85496219;"f";0,5
"2563";85508463;"f";0,5
"2564";85564743;"m";0,5
"2565";85573884;"m";0,5
"2566";85577080;"m";0,5
"2567";85600959;"f";0,5
"2568";85659849;"f";0,5
"2569";85672181;"m";0,5
"2570";85692112;"f";0,5
"2571";85702844;"m";0,5
"2572";85738855;"f";0,5
"2573";85765195;"f";0,5
"2574";85772891;"f";0,5
"2575";85791877;"m";0,5
"2576";85793831;"f";0,5
"2577";85805978;"m";0,5
"2578";85847787;"f";0,5
"2579";85870868;"m";0,5
"2580";85892139;"f";0,5
"2581";85902713;"f";0,5
"2582";85929877;"m";0,5
"2583";86017864;"f";0,5
"2584";86029773;"m";0,5
"2585";86049699;"m";0,5
"2586";86053103;"f";0,5
"2587";86107871;"f";0,5
"2588";86167681;"f";0,5
"2589";86176665;"m";0,5
"2590";86259433;"f";0,5
"2591";86265315;"f";0,5
"2592";86298795;"f";0,5
"2593";86349761;"f";0,5
"2594";86356385;"m";0,5
"2595";86358339;"f";0,5
"2596";86371933;"f";0,5
"2597";86384004;"f";0,5
"2598";86397318;"f";0,5
"2599";86452253;"m";0,5
"2600";86452879;"f";0,5
"2601";86503569;"f";0,5
"2602";86504325;"f";0,5
"2603";86537932;"f";0,5
"2604";86585517;"m";0,5
"2605";86598882;"m";0,5
"2606";86645216;"m";0,5
"2607";86748328;"m";0,5
"2608";86755845;"f";0,5
"2609";86760951;"m";0,5
"2610";86777770;"f";0,5
"2611";86799229;"f";0,5
"2612";86829717;"f";0,5
"2613";86841915;"m";0,5
"2614";86892524;"m";0,5
"2615";86908329;"f";0,5
"2616";86914451;"m";0,5
"2617";86950233;"f";0,5
"2618";86977246;"f";0,5
"2619";86992060;"m";0,5
"2620";87001997;"f";0,5
"2621";87025871;"f";0,5
"2622";87040745;"m";0,5
"2623";87042376;"f";0,5
"2624";87069325;"m";0,5
"2625";87072731;"f";0,5
"2626";87076344;"m";0,5
"2627";87094958;"m";0,5
"2628";87096350;"f";0,5
"2629";87171310;"f";0,5
"2630";87259796;"f";0,5
"2631";87273960;"f";0,5
"2632";87325972;"f";0,5
"2633";87407039;"f";0,5
"2634";87469673;"m";0,5
"2635";87580670;"f";0,5
"2636";87592072;"f";0,5
"2637";87592864;"m";0,5
"2638";87640447;"f";0,5
"2639";87644502;"m";0,5
"2640";87647466;"m";0,5
"2641";87706762;"f";0,5
"2642";87720854;"m";0,5
"2643";87743758;"f";0,5
"2644";87820821;"f";0,5
"2645";87826275;"f";0,5
"2646";87921552;"f";0,5
"2647";87978378;"m";0,5
"2648";88027952;"f";0,5
"2649";88038449;"m";0,5
"2650";88058347;"f";0,5
"2651";88088251;"f";0,5
"2652";88146770;"f";0,5
"2653";88205843;"m";0,5
"2654";88312732;"f";0,5
"2655";88319560;"f";0,5
"2656";88323560;"m";0,5
"2657";88335754;"f";0,5
"2658";88347698;"f";0,5
"2659";88449338;"f";0,5
"2660";88503692;"f";0,5
"2661";88583226;"f";0,5
"2662";88697567;"f";0,5
"2663";88759924;"f";0,5
"2664";88805806;"m";0,5
"2665";88811974;"f";0,5
"2666";88824982;"f";0,5
"2667";88909520;"m";0,5
"2668";88914930;"m";0,5
"2669";88971561;"m";0,5
"2670";88991035;"m";0,5
"2671";89080223;"f";0,5
"2672";89117677;"m";0,5
"2673";89134791;"f";0,5
"2674";89193458;"f";0,5
"2675";89277710;"f";0,5
"2676";89292619;"f";0,5
"2677";89322067;"m";0,5
"2678";89333392;"f";0,5
"2679";89339102;"f";0,5
"2680";89372866;"f";0,5
"2681";89379560;"f";0,5
"2682";89414301;"f";0,5
"2683";89471122;"f";0,5
"2684";89487928;"f";0,5
"2685";89507768;"f";0,5
"2686";89517332;"m";0,5
"2687";89519790;"f";0,5
"2688";89537039;"m";0,5
"2689";89546168;"f";0,5
"2690";89555284;"m";0,5
"2691";89666546;"f";0,5
"2692";89720806;"m";0,5
"2693";89722350;"f";0,5
"2694";89879557;"f";0,5
"2695";89892876;"f";0,5
"2696";89903581;"f";0,5
"2697";90020800;"f";0,5
"2698";90077714;"f";0,5
"2699";90168457;"f";0,5
"2700";90187741;"f";0,5
"2701";90212469;"m";0,5
"2702";90236282;"f";0,5
"2703";90238920;"m";0,5
"2704";90258692;"f";0,5
"2705";90274663;"f";0,5
"2706";90312338;"f";0,5
"2707";90334624;"f";0,5
"2708";90387824;"m";0,5
"2709";90522298;"f";0,5
"2710";90545910;"f";0,5
"2711";90573345;"f";0,5
"2712";90601024;"f";0,5
"2713";90621440;"m";0,5
"2714";90678061;"f";0,5
"2715";90687929;"f";0,5
"2716";90701427;"f";0,5
"2717";90719506;"f";0,5
"2718";90796706;"f";0,5
"2719";90816770;"f";0,5
"2720";90849430;"f";0,5
"2721";90869648;"m";0,5
"2722";90909392;"m";0,5
"2723";90958844;"f";0,5
"2724";90976041;"m";0,5
"2725";90990235;"f";0,5
"2726";91048652;"f";0,5
"2727";91075186;"m";0,5
"2728";91091612;"f";0,5
"2729";91104747;"f";0,5
"2730";91123473;"f";0,5
"2731";91198017;"m";0,5
"2732";91235754;"m";0,5
"2733";91247692;"m";0,5
"2734";91256782;"f";0,5
"2735";91267161;"f";0,5
"2736";91288568;"m";0,5
"2737";91338415;"f";0,5
"2738";91345935;"m";0,5
"2739";91424609;"f";0,5
"2740";91434583;"m";0,5
"2741";91443341;"m";0,5
"2742";91468542;"m";0,5
"2743";91475168;"f";0,5
"2744";91495269;"m";0,5
"2745";91500087;"f";0,5
"2746";91514864;"f";0,5
"2747";91518405;"f";0,5
"2748";91522301;"f";0,5
"2749";91531639;"m";0,5
"2750";91646724;"f";0,5
"2751";91720389;"m";0,5
"2752";91731161;"f";0,5
"2753";91870575;"m";0,5
"2754";91889063;"f";0,5
"2755";91983549;"f";0,5
"2756";92030796;"f";0,5
"2757";92095919;"f";0,5
"2758";92128235;"f";0,5
"2759";92138651;"f";0,5
"2760";92158910;"m";0,5
"2761";92191141;"f";0,5
"2762";92243195;"f";0,5
"2763";92244211;"m";0,5
"2764";92251335;"f";0,5
"2765";92287593;"m";0,5
"2766";92389091;"f";0,5
"2767";92473527;"f";0,5
"2768";92616519;"f";0,5
"2769";92663392;"f";0,5
"2770";92693027;"m";0,5
"2771";92733867;"m";0,5
"2772";92773945;"f";0,5
"2773";92866269;"m";0,5
"2774";92880945;"m";0,5
"2775";92881935;"f";0,5
"2776";92901788;"m";0,5
"2777";92902436;"f";0,5
"2778";92905157;"f";0,5
"2779";92906081;"f";0,5
"2780";92972577;"m";0,5
"2781";92981530;"m";0,5
"2782";92999090;"f";0,5
"2783";93021647;"f";0,5
"2784";93024496;"f";0,5
"2785";93060710;"f";0,5
"2786";93097514;"m";0,5
"2787";93136428;"m";0,5
"2788";93189792;"f";0,5
"2789";93254585;"f";0,5
"2790";93257855;"f";0,5
"2791";93299699;"f";0,5
"2792";93318533;"f";0,5
"2793";93340268;"f";0,5
"2794";93350383;"m";0,5
"2795";93354906;"f";0,5
"2796";93358299;"m";0,5
"2797";93364246;"m";0,5
"2798";93365847;"f";0,5
"2799";93409100;"m";0,5
"2800";93425486;"f";0,5
"2801";93471653;"f";0,5
"2802";93478197;"f";0,5
"2803";93482866;"m";0,5
"2804";93504782;"m";0,5
"2805";93521276;"m";0,5
"2806";93553972;"f";0,5
"2807";93556332;"f";0,5
"2808";93643088;"m";0,5
"2809";93670252;"m";0,5
"2810";93721775;"m";0,5
"2811";93810487;"f";0,5
"2812";93857026;"m";0,5
"2813";93877315;"f";0,5
"2814";93918551;"f";0,5
"2815";93939541;"f";0,5
"2816";93979672;"f";0,5
"2817";94017493;"f";0,5
"2818";94027744;"f";0,5
"2819";94047150;"m";0,5
"2820";94047214;"m";0,5
"2821";94051956;"f";0,5
"2822";94057328;"f";0,5
"2823";94084091;"f";0,5
"2824";94091803;"f";0,5
"2825";94098205;"f";0,5
"2826";94110872;"m";0,5
"2827";94211608;"f";0,5
"2828";94238500;"f";0,5
"2829";94327036;"f";0,5
"2830";94488268;"f";0,5
"2831";94554064;"f";0,5
"2832";94597887;"f";0,5
"2833";94654195;"m";0,5
"2834";94690276;"f";0,5
"2835";94717028;"f";0,5
"2836";94765793;"f";0,5
"2837";94775644;"m";0,5
"2838";94785696;"f";0,5
"2839";94793384;"f";0,5
"2840";94799202;"f";0,5
"2841";94826464;"f";0,5
"2842";94883274;"m";0,5
"2843";94883995;"f";0,5
"2844";94894701;"f";0,5
"2845";94903682;"m";0,5
"2846";94904824;"m";0,5
"2847";94913380;"f";0,5
"2848";94948218;"f";0,5
"2849";95017477;"f";0,5
"2850";95019073;"m";0,5
"2851";95022855;"f";0,5
"2852";95071817;"f";0,5
"2853";95074297;"f";0,5
"2854";95096481;"f";0,5
"2855";95127980;"f";0,5
"2856";95128126;"m";0,5
"2857";95142990;"f";0,5
"2858";95161467;"m";0,5
"2859";95162940;"f";0,5
"2860";95297546;"f";0,5
"2861";95303296;"m";0,5
"2862";95514985;"f";0,5
"2863";95517287;"m";0,5
"2864";95543007;"m";0,5
"2865";95560887;"f";0,5
"2866";95600625;"m";0,5
"2867";95635714;"f";0,5
"2868";95647900;"f";0,5
"2869";95752823;"f";0,5
"2870";95796340;"f";0,5
"2871";95833087;"m";0,5
"2872";95895478;"f";0,5
"2873";95908088;"f";0,5
"2874";95933361;"f";0,5
"2875";95960373;"f";0,5
"2876";95978439;"f";0,5
"2877";95996031;"f";0,5
"2878";96051203;"f";0,5
"2879";96064810;"f";0,5
"2880";96088836;"f";0,5
"2881";96150651;"m";0,5
"2882";96189210;"f";0,5
"2883";96198451;"m";0,5
"2884";96237960;"f";0,5
"2885";96296215;"f";0,5
"2886";96305302;"f";0,5
"2887";96358534;"f";0,5
"2888";96380771;"f";0,5
"2889";96482107;"f";0,5
"2890";96486076;"f";0,5
"2891";96490465;"f";0,5
"2892";96511163;"f";0,5
"2893";96580939;"f";0,5
"2894";96622946;"f";0,5
"2895";96631712;"f";0,5
"2896";96730312;"f";0,5
"2897";96730687;"m";0,5
"2898";96760947;"f";0,5
"2899";96780413;"m";0,5
"2900";96785104;"m";0,5
"2901";96793902;"f";0,5
"2902";96882783;"f";0,5
"2903";96985665;"f";0,5
"2904";97000540;"f";0,5
"2905";97001312;"m";0,5
"2906";97088859;"f";0,5
"2907";97102876;"f";0,5
"2908";97160817;"f";0,5
"2909";97167196;"f";0,5
"2910";97184762;"f";0,5
"2911";97231090;"f";0,5
"2912";97247338;"m";0,5
"2913";97254467;"f";0,5
"2914";97254884;"m";0,5
"2915";97301558;"f";0,5
"2916";97343828;"m";0,5
"2917";97345452;"f";0,5
"2918";97351339;"f";0,5
"2919";97442926;"f";0,5
"2920";97566920;"f";0,5
"2921";97698959;"m";0,5
"2922";97725541;"f";0,5
"2923";97738611;"m";0,5
"2924";97768820;"f";0,5
"2925";97777635;"f";0,5
"2926";97814357;"f";0,5
"2927";97821953;"m";0,5
"2928";97822001;"f";0,5
"2929";97823161;"m";0,5
"2930";97920990;"f";0,5
"2931";97954177;"f";0,5
"2932";97958366;"f";0,5
"2933";97994480;"f";0,5
"2934";98013568;"m";0,5
"2935";98015435;"f";0,5
"2936";98028774;"m";0,5
"2937";98043204;"m";0,5
"2938";98044201;"f";0,5
"2939";98115494;"f";0,5
"2940";98153083;"f";0,5
"2941";98181406;"f";0,5
"2942";98215795;"f";0,5
"2943";98230530;"m";0,5
"2944";98252174;"m";0,5
"2945";98264927;"m";0,5
"2946";98283387;"m";0,5
"2947";98299132;"f";0,5
"2948";98331257;"m";0,5
"2949";98357840;"f";0,5
"2950";98359180;"f";0,5
"2951";98371903;"m";0,5
"2952";98410081;"m";0,5
"2953";98486569;"f";0,5
"2954";98524751;"f";0,5
"2955";98602832;"f";0,5
"2956";98612933;"f";0,5
"2957";98641168;"f";0,5
"2958";98647005;"f";0,5
"2959";98687585;"f";0,5
"2960";98710498;"m";0,5
"2961";98717821;"f";0,5
"2962";98736120;"f";0,5
"2963";98738068;"m";0,5
"2964";98743588;"m";0,5
"2965";98751581;"f";0,5
"2966";98814674;"f";0,5
"2967";98827945;"f";0,5
"2968";98860494;"f";0,5
"2969";98871207;"f";0,5
"2970";98903568;"f";0,5
"2971";98937245;"f";0,5
"2972";98940105;"f";0,5
"2973";99157306;"f";0,5
"2974";99157874;"f";0,5
"2975";99159420;"m";0,5
"2976";99257244;"m";0,5
"2977";99285854;"f";0,5
"2978";99289665;"m";0,5
"2979";99295997;"m";0,5
"2980";99316792;"m";0,5
"2981";99345992;"m";0,5
"2982";99421915;"f";0,5
"2983";99442647;"m";0,5
"2984";99451669;"f";0,5
"2985";99493161;"f";0,5
"2986";99501206;"f";0,5
"2987";99516727;"f";0,5
"2988";99539782;"m";0,5
"2989";99548823;"f";0,5
"2990";99563845;"f";0,5
"2991";99577519;"m";0,5
"2992";99585323;"f";0,5
"2993";99603465;"m";0,5
"2994";99622409;"m";0,5
"2995";99699527;"f";0,5
"2996";99933081;"f";0,5
"2997";99963907;"f";0,5
"2998";99969946;"f";0,5
"2999";99977292;"m";0,5
"3000";99980396;"f";0,5
